Aglomeración;SC Función ciudades;Departamento;Municipio;Divipola;AÑO;Personas;Hectareas;,,
A-Medellin;Centro aglomeracion;5;Medellin;5001;2018;2529403;18793,6724;,
Fuera SC;Fuera SC;5;Abejorral;5002;2018;18991;12766,24381;,
Fuera SC;Fuera SC;5;Abriaqui;5004;2018;1971;15183,56737;,
Fuera SC;Fuera SC;5;Alejandria;5021;2018;3361;6055,969604;,
Fuera SC;Fuera SC;5;Amaga;5030;2018;30181;2244,610548;,
Fuera SC;Fuera SC;5;Amalfi;5031;2018;22567;60210,51859;,
Fuera SC;Fuera SC;5;Andes;5034;2018;47003;19994,76186;,
Fuera SC;Fuera SC;5;Angelopolis;5036;2018;9353;4900,50162;,
Fuera SC;Fuera SC;5;Angostura;5038;2018;11040;3336,041269;,
Fuera SC;Fuera SC;5;Anori;5040;2018;17737;80727,63782;,
Fuera SC;Fuera SC;5;Santafe de Antioquia;5042;2018;25067;9720,860193;,
Fuera SC;Fuera SC;5;Anza;5044;2018;7601;4230,178813;,
SA-Apartado-Turbo;Uninodal;5;Apartado;5045;2018;195068;15901,0344;,
Fuera SC;Fuera SC;5;Arboletes;5051;2018;43416;3958,86131;,
Fuera SC;Fuera SC;5;Argelia;5055;2018;8306;13101,53635;,
Fuera SC;Fuera SC;5;Armenia;5059;2018;3945;2031,963599;,
A-Medellin;En aglomeracion;5;Barbosa;5079;2018;52395;1868,876549;,
Fuera SC;Fuera SC;5;Belmira;5086;2018;6930;19577,7197;,
A-Medellin;En aglomeracion;5;Bello;5088;2018;482287;3775,213981;,
Fuera SC;Fuera SC;5;Betania;5091;2018;8976;8998,360244;,
Fuera SC;Fuera SC;5;Betulia;5093;2018;17726;6075,985201;,
Fuera SC;Fuera SC;5;Ciudad Bolivar;5101;2018;26698;9308,64855;,
Fuera SC;Fuera SC;5;Briceño;5107;2018;8673;10315,73712;,
Fuera SC;Fuera SC;5;Buritica;5113;2018;6495;6602,036047;,
Fuera SC;Fuera SC;5;Caceres;5120;2018;41012;43328,14847;,
Fuera SC;Fuera SC;5;Caicedo;5125;2018;8396;7979,734276;,
A-Medellin;En aglomeracion;5;Caldas;5129;2018;80528;6492,249962;,
Fuera SC;Fuera SC;5;Campamento;5134;2018;8915;2250,023099;,
Fuera SC;Fuera SC;5;Cañasgordas;5138;2018;16737;12857,86011;,
Fuera SC;Fuera SC;5;Caracoli;5142;2018;4519;6307,526674;,
Fuera SC;Fuera SC;5;Caramanta;5145;2018;5308;1377,514852;,
Fuera SC;Fuera SC;5;Carepa;5147;2018;60141;4295,886854;,
A-Rionegro;En aglomeracion;5;El Carmen de Viboral;5148;2018;48498;31658,64328;,
Fuera SC;Fuera SC;5;Carolina;5150;2018;3512;3023,377295;,
SA-Otros SC;Uninodal;5;Caucasia;5154;2018;120479;13393,63518;,
Fuera SC;Fuera SC;5;Chigorodo;5172;2018;82151;20481,56614;,
Fuera SC;Fuera SC;5;Cisneros;5190;2018;8869;314,483426;,
Fuera SC;Fuera SC;5;Cocorna;5197;2018;14924;9252,913458;,
Fuera SC;Fuera SC;5;Concepcion;5206;2018;3194;5066,694908;,
Fuera SC;Fuera SC;5;Concordia;5209;2018;20371;2640,524049;,
A-Medellin;En aglomeracion;5;Copacabana;5212;2018;72735;905,313467;,
Fuera SC;Fuera SC;5;Dabeiba;5234;2018;23068;140088,893;,
Fuera SC;Fuera SC;5;Don Matias;5237;2018;23709;1746,548846;,
Fuera SC;Fuera SC;5;Ebejico;5240;2018;12489;5225,646096;,
Fuera SC;Fuera SC;5;El Bagre;5250;2018;50557;103253,507;,
Fuera SC;Fuera SC;5;Entrerrios;5264;2018;10404;4928,050881;,
A-Medellin;En aglomeracion;5;Envigado;5266;2018;238221;2089,462615;,
Fuera SC;Fuera SC;5;Fredonia;5282;2018;21142;3910,65839;,
Fuera SC;Fuera SC;5;Frontino;5284;2018;15703;106456,2999;,
Fuera SC;Fuera SC;5;Giraldo;5306;2018;3977;1927,916226;,
A-Medellin;En aglomeracion;5;Girardota;5308;2018;58030;439,680946;,
Fuera SC;Fuera SC;5;Gomez Plata;5310;2018;13266;4485,655841;,
Fuera SC;Fuera SC;5;Granada;5313;2018;9881;5714,525601;,
Fuera SC;Fuera SC;5;Guadalupe;5315;2018;6318;900,510766;,
A-Rionegro;En aglomeracion;5;Guarne;5318;2018;50401;3082,670698;,
Fuera SC;Fuera SC;5;Guatape;5321;2018;5097;7355,575917;,
Fuera SC;Fuera SC;5;Heliconia;5347;2018;5690;4989,029736;,
Fuera SC;Fuera SC;5;Hispania;5353;2018;4885;532,827744;,
A-Medellin;En aglomeracion;5;Itagüi;5360;2018;276916;329,403878;,
Fuera SC;Fuera SC;5;Ituango;5361;2018;19919;187950,4799;,
Fuera SC;Fuera SC;5;Jardin;5364;2018;13516;14403,80968;,
Fuera SC;Fuera SC;5;Jerico;5368;2018;11852;6988,885933;,
A-Rionegro;En aglomeracion;5;La Ceja;5376;2018;54615;4440,356545;,
A-Medellin;En aglomeracion;5;La Estrella;5380;2018;65300;1772,195073;,
Fuera SC;Fuera SC;5;La Pintada;5390;2018;6402;1085,00421;,
Fuera SC;Fuera SC;5;La Union;5400;2018;19413;4928,529656;,
Fuera SC;Fuera SC;5;Liborina;5411;2018;9572;7574,106924;,
Fuera SC;Fuera SC;5;Maceo;5425;2018;6611;10323,6061;,
A-Rionegro;En aglomeracion;5;Marinilla;5440;2018;55798;474,477468;,
Fuera SC;Fuera SC;5;Montebello;5467;2018;5825;1377,584738;,
Fuera SC;Fuera SC;5;Murindo;5475;2018;4891;108953,8848;,
Fuera SC;Fuera SC;5;Mutata;5480;2018;22028;70429,53677;,
Fuera SC;Fuera SC;5;Nariño;5483;2018;17891;12956,68639;,
Fuera SC;Fuera SC;5;Necocli;5490;2018;67359;38050,47315;,
Fuera SC;Fuera SC;5;Nechi;5495;2018;28585;30693,62084;,
Fuera SC;Fuera SC;5;Olaya;5501;2018;3341;1927,763011;,
Fuera SC;Fuera SC;5;Peñol;5541;2018;15746;5542,377344;,
Fuera SC;Fuera SC;5;Peque;5543;2018;11321;16397,03318;,
Fuera SC;Fuera SC;5;Pueblorrico;5576;2018;6675;2404,135466;,
Fuera SC;Fuera SC;5;Puerto Berrio;5579;2018;49392;30669,93034;,
Fuera SC;Fuera SC;5;Puerto Nare;5585;2018;19209;11730,23039;,
Fuera SC;Fuera SC;5;Puerto Triunfo;5591;2018;21317;4509,464903;,
Fuera SC;Fuera SC;5;Remedios;5604;2018;31333;76615,9919;,
Fuera SC;Fuera SC;5;Retiro;5607;2018;19702;15800,92527;,
A-Rionegro;Centro aglomeracion;5;Rionegro;5615;2018;126193;1456,148935;,
Fuera SC;Fuera SC;5;Sabanalarga;5628;2018;8191;7986,088634;,
A-Medellin;En aglomeracion;5;Sabaneta;5631;2018;53914;204,162221;,
Fuera SC;Fuera SC;5;Salgar;5642;2018;17397;9418,316964;,
Fuera SC;Fuera SC;5;San Andres de Cuerquia;5647;2018;5917;5585,565207;,
Fuera SC;Fuera SC;5;San Carlos;5649;2018;16132;39198,06769;,
Fuera SC;Fuera SC;5;San Francisco;5652;2018;5021;23927,09614;,
Fuera SC;Fuera SC;5;San Jeronimo;5656;2018;12890;3542,424441;,
Fuera SC;Fuera SC;5;San Jose de La Montaña;5658;2018;3436;5284,69334;,
Fuera SC;Fuera SC;5;San Juan de Uraba;5659;2018;26646;1247,848643;,
Fuera SC;Fuera SC;5;San Luis;5660;2018;10926;23848,67321;,
Fuera SC;Fuera SC;5;San Pedro;5664;2018;27978;3105,989954;,
Fuera SC;Fuera SC;5;San Pedro de Uraba;5665;2018;32063;3348,366673;,
Fuera SC;Fuera SC;5;San Rafael;5667;2018;12819;22122,81991;,
Fuera SC;Fuera SC;5;San Roque;5670;2018;16366;9935,572312;,
Fuera SC;Fuera SC;5;San Vicente;5674;2018;16509;1458,845491;,
Fuera SC;Fuera SC;5;Santa Barbara;5679;2018;21591;3618,844823;,
Fuera SC;Fuera SC;5;Santa Rosa de Osos;5686;2018;36991;3860,710549;,
Fuera SC;Fuera SC;5;Santo Domingo;5690;2018;10049;4598,489062;,
Fuera SC;Fuera SC;5;El Santuario;5697;2018;27273;2076,291223;,
Fuera SC;Fuera SC;5;Segovia;5736;2018;41711;69800,44517;,
Fuera SC;Fuera SC;5;Sonson;5756;2018;34339;59545,53921;,
Fuera SC;Fuera SC;5;Sopetran;5761;2018;15057;4141,899163;,
Fuera SC;Fuera SC;5;Tamesis;5789;2018;14224;10671,75915;,
Fuera SC;Fuera SC;5;Taraza;5790;2018;46343;40094,65465;,
Fuera SC;Fuera SC;5;Tarso;5792;2018;8051;3541,629665;,
Fuera SC;Fuera SC;5;Titiribi;5809;2018;14691;2612,751413;,
Fuera SC;Fuera SC;5;Toledo;5819;2018;6651;1703,07165;,
SA-Apartado-Turbo;Uninodal;5;Turbo;5837;2018;172314;128811,2574;,
Fuera SC;Fuera SC;5;Uramita;5842;2018;8212;4362,943281;,
Fuera SC;Fuera SC;5;Urrao;5847;2018;46508;186625,3745;,
Fuera SC;Fuera SC;5;Valdivia;5854;2018;23931;14208,78196;,
Fuera SC;Fuera SC;5;Valparaiso;5856;2018;6102;1196,43941;,
Fuera SC;Fuera SC;5;Vegachi;5858;2018;8949;18182,70228;,
Fuera SC;Fuera SC;5;Venecia;5861;2018;13184;3137,99542;,
Fuera SC;Fuera SC;5;Vigia del Fuerte;5873;2018;5610;151414,245;,
Fuera SC;Fuera SC;5;Yali;5885;2018;8577;15123,51165;,
Fuera SC;Fuera SC;5;Yarumal;5887;2018;48556;14601,93124;,
Fuera SC;Fuera SC;5;Yolombo;5890;2018;25231;27261,21456;,
Fuera SC;Fuera SC;5;Yondo;5893;2018;19757;54541,89544;,
Fuera SC;Fuera SC;5;Zaragoza;5895;2018;31884;49378,174;,
A-Barranquilla;Centro aglomeracion;8;Barranquilla;8001;2018;1232462;598,101777;,
A-Barranquilla;En aglomeracion;8;Baranoa;8078;2018;59551;66,192431;,
Fuera SC;Fuera SC;8;Campo de La Cruz;8137;2018;15206;1182,47573;,
Fuera SC;Fuera SC;8;Candelaria;8141;2018;12554;;,,
A-Barranquilla;En aglomeracion;8;Galapa;8296;2018;46314;389,240812;,
Fuera SC;Fuera SC;8;Juan de Acosta;8372;2018;17487;1685,403036;,
Fuera SC;Fuera SC;8;Luruaco;8421;2018;27909;4563,281547;,
A-Barranquilla;En aglomeracion;8;Malambo;8433;2018;127202;761,070856;,
Fuera SC;Fuera SC;8;Manati;8436;2018;16294;786,571593;,
A-Barranquilla;En aglomeracion;8;Palmar de Varela;8520;2018;25762;1019,019034;,
Fuera SC;Fuera SC;8;Piojo;8549;2018;5169;4906,471004;,
A-Barranquilla;En aglomeracion;8;Polonuevo;8558;2018;15652;40,394992;,
A-Barranquilla;En aglomeracion;8;Ponedera;8560;2018;23243;1962,397986;,
A-Barranquilla;En aglomeracion;8;Puerto Colombia;8573;2018;26741;1032,333375;,
Fuera SC;Fuera SC;8;Repelon;8606;2018;27109;13760,99324;,
A-Barranquilla;En aglomeracion;8;Sabanagrande;8634;2018;33694;670,342669;,
A-Barranquilla;En aglomeracion;8;Sabanalarga;8638;2018;101339;2637,690662;,
Fuera SC;Fuera SC;8;Santa Lucia;8675;2018;11296;114,872561;,
A-Barranquilla;En aglomeracion;8;Santo Tomas;8685;2018;25677;302,316751;,
A-Barranquilla;En aglomeracion;8;Soledad;8758;2018;666247;783,054394;,
Fuera SC;Fuera SC;8;Suan;8770;2018;8470;468,539616;,
A-Barranquilla;En aglomeracion;8;Tubara;8832;2018;11017;4697,114247;,
A-Barranquilla;En aglomeracion;8;Usiacuri;8849;2018;9529;695,289714;,
A-Bogota;Centro aglomeracion;11;Bogota, D.C.;11001;2018;8181047;101520,502;
A-Cartagena;Centro aglomeracion;13;Cartagena;13001;2018;1036134;9664,202635;,
Fuera SC;Fuera SC;13;Achi;13006;2018;24259;50966,58332;,
Fuera SC;Fuera SC;13;Altos del Rosario;13030;2018;14485;20042,18372;,
Fuera SC;Fuera SC;13;Arenal;13042;2018;20177;22638,93045;,
A-Cartagena;En aglomeracion;13;Arjona;13052;2018;76676;16268,8062;,
Fuera SC;Fuera SC;13;Arroyohondo;13062;2018;10305;244,195766;,
Fuera SC;Fuera SC;13;Barranco de Loba;13074;2018;18757;24750,97105;,
Fuera SC;Fuera SC;13;Calamar;13140;2018;24246;4132,391715;,
Fuera SC;Fuera SC;13;Cantagallo;13160;2018;9718;54259,64256;,
Fuera SC;Fuera SC;13;Cicuco;13188;2018;11138;9879,853055;,
Fuera SC;Fuera SC;13;Cordoba;13212;2018;12317;12859,92531;,
A-Cartagena;En aglomeracion;13;Clemencia;13222;2018;12857;582,90372;,
Fuera SC;Fuera SC;13;El Carmen de Bolivar;13244;2018;77840;19358,88023;,
Fuera SC;Fuera SC;13;El Guamo;13248;2018;7769;5653,988158;,
Fuera SC;Fuera SC;13;El Peñon;13268;2018;10112;11341,35723;,
Fuera SC;Fuera SC;13;Hatillo de Loba;13300;2018;12200;14119,20356;,
Fuera SC;Fuera SC;13;Magangue;13430;2018;123955;49924,16358;,
Fuera SC;Fuera SC;13;Mahates;13433;2018;26802;4865,979051;,
Fuera SC;Fuera SC;13;Margarita;13440;2018;10151;12389,5408;,
Fuera SC;Fuera SC;13;Maria La Baja;13442;2018;49138;9452,637426;,
Fuera SC;Fuera SC;13;Montecristo;13458;2018;22780;170147,9314;,
Fuera SC;Fuera SC;13;Mompos;13468;2018;45104;44564,47526;,
Fuera SC;Fuera SC;13;Morales;13473;2018;22160;32905,66133;,
Fuera SC;Fuera SC;13;Norosi;13490;2018;5119;14113,60524;,
Fuera SC;Fuera SC;13;Pinillos;13549;2018;25705;65658,81884;,
Fuera SC;Fuera SC;13;Regidor;13580;2018;11090;4390,17284;,
Fuera SC;Fuera SC;13;Rio Viejo;13600;2018;18976;32218,75304;,
A-Barranquilla;En aglomeracion;13;San Cristobal;13620;2018;6722;895,826793;,
Fuera SC;Fuera SC;13;San Estanislao;13647;2018;16573;2728,486811;,
Fuera SC;Fuera SC;13;San Fernando;13650;2018;14037;10505,05933;,
Fuera SC;Fuera SC;13;San Jacinto;13654;2018;21635;8988,29155;,
Fuera SC;Fuera SC;13;San Jacinto del Cauca;13655;2018;14349;14907,34062;,
Fuera SC;Fuera SC;13;San Juan Nepomuceno;13657;2018;33885;20001,9992;,
Fuera SC;Fuera SC;13;San Martin de Loba;13667;2018;18483;8326,121177;,
Fuera SC;Fuera SC;13;San Pablo;13670;2018;35559;123958,0828;,
Fuera SC;Fuera SC;13;Santa Catalina;13673;2018;13553;3838,566683;,
A-Cartagena;En aglomeracion;13;Santa Rosa;13683;2018;24158;479,647618;,
Fuera SC;Fuera SC;13;Santa Rosa del Sur;13688;2018;44980;139244,6353;,
Fuera SC;Fuera SC;13;Simiti;13744;2018;21250;37345,03797;,
Fuera SC;Fuera SC;13;Soplaviento;13760;2018;8498;4474,056665;,
Fuera SC;Fuera SC;13;Talaigua Nuevo;13780;2018;11445;18722,83229;,
Fuera SC;Fuera SC;13;Tiquisio;13810;2018;23385;26048,29706;,
A-Cartagena;En aglomeracion;13;Turbaco;13836;2018;75208;1450,186664;,
A-Cartagena;En aglomeracion;13;Turbana;13838;2018;15353;4318,045327;,
A-Cartagena;En aglomeracion;13;Villanueva;13873;2018;20393;1976,571354;,
Fuera SC;Fuera SC;13;Zambrano;13894;2018;11844;6606,815868;,
A-Tunja;Centro aglomeracion;15;Tunja;15001;2018;199221;903,162606;,
Fuera SC;Fuera SC;15;Almeida;15022;2018;1601;2274,869513;,
Fuera SC;Fuera SC;15;Aquitania;15047;2018;14675;75224,43498;,
Fuera SC;Fuera SC;15;Arcabuco;15051;2018;5247;6034,238648;,
Fuera SC;Fuera SC;15;Belen;15087;2018;6966;8986,584219;,
Fuera SC;Fuera SC;15;Berbeo;15090;2018;1939;1545,327747;,
Fuera SC;Fuera SC;15;Beteitiva;15092;2018;1933;2274,499074;,
Fuera SC;Fuera SC;15;Boavita;15097;2018;6608;613,316379;,
Fuera SC;Fuera SC;15;Boyaca;15104;2018;4297;87,602802;,
Fuera SC;Fuera SC;15;Briceño;15106;2018;2530;1372,408828;,
Fuera SC;Fuera SC;15;Buenavista;15109;2018;5751;2224,248309;,
A-Sogamoso;En aglomeracion;15;Busbanza;15114;2018;1251;2,37446;,
Fuera SC;Fuera SC;15;Cauca ;15131;2018;3511;473,310293;,
Fuera SC;Fuera SC;15;Campohermoso;15135;2018;3767;11677,38464;,
A-Duitama;En aglomeracion;15;Cerinza;15162;2018;3601;3198,657676;,
Fuera SC;Fuera SC;15;Chinavita;15172;2018;3437;4796,371991;,
Fuera SC;Fuera SC;15;Chiquinquira;15176;2018;68126;1646,626426;,
Fuera SC;Fuera SC;15;Chiscas;15180;2018;3999;60383,07455;,
Fuera SC;Fuera SC;15;Chita;15183;2018;9171;54779,61433;,
Fuera SC;Fuera SC;15;Chitaraque;15185;2018;5403;4463,933085;,
A-Tunja;En aglomeracion;15;Chivata;15187;2018;6579;96,028084;,
Fuera SC;Fuera SC;15;Cienega;15189;2018;4565;1375,542839;,
A-Tunja;En aglomeracion;15;Combita;15204;2018;15174;3359,362305;,
Fuera SC;Fuera SC;15;Coper;15212;2018;3511;3989,626133;,
A-Sogamoso;En aglomeracion;15;Corrales;15215;2018;2207;10,915056;,
Fuera SC;Fuera SC;15;Covarachia;15218;2018;2741;615,695803;,
Fuera SC;Fuera SC;15;Cubara;15223;2018;6739;99404,9719;,
Fuera SC;Fuera SC;15;Cucaita;15224;2018;4691;662,984939;,
Fuera SC;Fuera SC;15;Cuitiva;15226;2018;1862;2249,949963;,
Fuera SC;Fuera SC;15;Chiquiza;15232;2018;5313;4630,891916;,
Fuera SC;Fuera SC;15;Chivor;15236;2018;1668;6345,108873;,
A-Duitama;Centro aglomeracion;15;Duitama;15238;2018;113954;13843,45518;,
Fuera SC;Fuera SC;15;El Cocuy;15244;2018;5122;21786,5516;,
Fuera SC;Fuera SC;15;El Espino;15248;2018;4221;3129,383592;,
A-Sogamoso;En aglomeracion;15;Firavitoba;15272;2018;5774;1428,350397;,
Fuera SC;Fuera SC;15;Floresta;15276;2018;4383;1151,012612;,
Fuera SC;Fuera SC;15;Gachantiva;15293;2018;2532;1032,497932;,
Fuera SC;Fuera SC;15;Gameza;15296;2018;4622;9058,283243;,
Fuera SC;Fuera SC;15;Garagoa;15299;2018;17033;6904,574557;,
Fuera SC;Fuera SC;15;Guacamayas;15317;2018;1574;2203,225408;,
Fuera SC;Fuera SC;15;Guateque;15322;2018;9411;221,948112;,
Fuera SC;Fuera SC;15;Guayata;15325;2018;4779;2761,375484;,
Fuera SC;Fuera SC;15;Güican;15332;2018;6609;90902,63812;,
A-Sogamoso;En aglomeracion;15;Iza;15362;2018;2412;332,77512;,
Fuera SC;Fuera SC;15;Jenesano;15367;2018;7693;72,359134;,
Fuera SC;Fuera SC;15;Jerico;15368;2018;3814;2704,676306;,
Fuera SC;Fuera SC;15;Labranzagrande;15377;2018;5002;25848,43334;,
Fuera SC;Fuera SC;15;La Capilla;15380;2018;2404;1934,686685;,
Fuera SC;Fuera SC;15;La Victoria;15401;2018;1673;672,322586;,
Fuera SC;Fuera SC;15;La Uvita;15403;2018;2259;6159,16693;,
Fuera SC;Fuera SC;15;Villa de Leyva;15407;2018;18050;3082,542249;,
Fuera SC;Fuera SC;15;Macanal;15425;2018;4838;8381,802424;,
Fuera SC;Fuera SC;15;Maripi;15442;2018;7335;4206,920139;,
Fuera SC;Fuera SC;15;Miraflores;15455;2018;9785;8709,358595;,
Fuera SC;Fuera SC;15;Mongua;15464;2018;4547;27845,87516;,
A-Sogamoso;En aglomeracion;15;Mongui;15466;2018;4983;5308,970425;,
Fuera SC;Fuera SC;15;Moniquira;15469;2018;21242;4960,483993;,
A-Tunja;En aglomeracion;15;Motavita;15476;2018;8470;715,551331;,
Fuera SC;Fuera SC;15;Muzo;15480;2018;8668;3752,138843;,
A-Sogamoso;En aglomeracion;15;Nobsa;15491;2018;16526;702,728209;,
Fuera SC;Fuera SC;15;Nuevo Colon;15494;2018;6680;233,536406;,
A-Tunja;En aglomeracion;15;Oicata;15500;2018;2836;22,525829;,
Fuera SC;Fuera SC;15;Otanche;15507;2018;10689;22042,15623;,
Fuera SC;Fuera SC;15;Pachavita;15511;2018;2344;1178,973528;,
Fuera SC;Fuera SC;15;Paez;15514;2018;2792;15565,53837;,
Fuera SC;Fuera SC;15;Paipa;15516;2018;31582;12360,61454;,
Fuera SC;Fuera SC;15;Pajarito;15518;2018;1545;17934,94955;,
Fuera SC;Fuera SC;15;Panqueba;15522;2018;1393;1319,375947;,
Fuera SC;Fuera SC;15;Pauna;15531;2018;10820;7735,70154;,
Fuera SC;Fuera SC;15;Paya;15533;2018;2509;13586,55856;,
Fuera SC;Fuera SC;15;Paz de Rio;15537;2018;4503;3880,671551;,
Fuera SC;Fuera SC;15;Pesca;15542;2018;7543;12721,46823;,
Fuera SC;Fuera SC;15;Pisba;15550;2018;1287;29102,22844;,
Fuera SC;Fuera SC;15;Puerto Boyaca;15572;2018;56517;31457,19078;,
Fuera SC;Fuera SC;15;Quipama;15580;2018;7579;3666,95387;,
Fuera SC;Fuera SC;15;Ramiriqui;15599;2018;9763;4502,162534;,
Fuera SC;Fuera SC;15;Raquira;15600;2018;13907;2363,775287;,
Fuera SC;Fuera SC;15;Rondon;15621;2018;2767;9967,687593;,
Fuera SC;Fuera SC;15;Saboya;15632;2018;12183;4602,865331;,
Fuera SC;Fuera SC;15;Sachica;15638;2018;3758;10,525123;,
Fuera SC;Fuera SC;15;Samaca;15646;2018;20546;5453,33018;,
Fuera SC;Fuera SC;15;San Eduardo;15660;2018;1853;4354,283781;,
Fuera SC;Fuera SC;15;San Jose de Pare;15664;2018;5025;658,059754;,
Fuera SC;Fuera SC;15;San Luis de Gaceno;15667;2018;4774;10106,33849;,
Fuera SC;Fuera SC;15;San Mateo;15673;2018;3392;4227,337651;,
Fuera SC;Fuera SC;15;San Miguel de Sema;15676;2018;4531;540,733169;,
Fuera SC;Fuera SC;15;San Pablo de Borbur;15681;2018;10382;6051,978833;,
Fuera SC;Fuera SC;15;Santana;15686;2018;7628;581,792028;,
Fuera SC;Fuera SC;15;Santa Maria;15690;2018;3796;18001,62774;,
Fuera SC;Fuera SC;15;Santa Rosa de Viterbo;15693;2018;13405;5420,215684;,
Fuera SC;Fuera SC;15;Santa Sofia;15696;2018;2585;221,807379;,
Fuera SC;Fuera SC;15;Sativanorte;15720;2018;2215;8623,29745;,
Fuera SC;Fuera SC;15;Sativasur;15723;2018;1038;1771,935846;,
Fuera SC;Fuera SC;15;Siachoque;15740;2018;8972;5827,192052;,
Fuera SC;Fuera SC;15;Soata;15753;2018;6713;3589,762906;,
Fuera SC;Fuera SC;15;Socota;15755;2018;7549;48304,28662;,
Fuera SC;Fuera SC;15;Socha;15757;2018;6973;9558,013315;,
A-Sogamoso;Centro aglomeracion;15;Sogamoso;15759;2018;111799;10693,24837;,
Fuera SC;Fuera SC;15;Somondoco;15761;2018;3411;2536,836337;,
Fuera SC;Fuera SC;15;Sora;15762;2018;3029;113,473054;,
Fuera SC;Fuera SC;15;Sotaquira;15763;2018;7340;13239,84945;,
Fuera SC;Fuera SC;15;Soraca;15764;2018;5167;48,596421;,
Fuera SC;Fuera SC;15;Susacon;15774;2018;2912;9903,620003;,
Fuera SC;Fuera SC;15;Sutamarchan;15776;2018;5833;470,221582;,
Fuera SC;Fuera SC;15;Sutatenza;15778;2018;3939;232,075953;,
Fuera SC;Fuera SC;15;Tasco;15790;2018;6175;14558,38026;,
Fuera SC;Fuera SC;15;Tenza;15798;2018;3950;381,20652;,
Fuera SC;Fuera SC;15;Tibana;15804;2018;9023;1477,095383;,
A-Sogamoso;En aglomeracion;15;Tibasosa;15806;2018;14470;419,973822;,
Fuera SC;Fuera SC;15;Tinjaca;15808;2018;3044;259,284624;,
Fuera SC;Fuera SC;15;Tipacoque;15810;2018;3041;867,129616;,
Fuera SC;Fuera SC;15;Toca;15814;2018;10007;6680,439607;,
Fuera SC;Fuera SC;15;Togüi;15816;2018;4857;2586,557512;,
A-Sogamoso;En aglomeracion;15;Topaga;15820;2018;3692;464,092528;,
Fuera SC;Fuera SC;15;Tota;15822;2018;5267;14419,37033;,
Fuera SC;Fuera SC;15;Tunungua;15832;2018;1913;821,966344;,
Fuera SC;Fuera SC;15;Turmeque;15835;2018;5787;2045,077497;,
Fuera SC;Fuera SC;15;Tuta;15837;2018;9856;2065,883241;,
Fuera SC;Fuera SC;15;Tutaza;15839;2018;1792;9537,902907;,
Fuera SC;Fuera SC;15;Úmbita;15842;2018;10337;7012,542517;,
Fuera SC;Fuera SC;15;Ventaquemada;15861;2018;15729;7044,602259;,
Fuera SC;Fuera SC;15;Viracacha;15879;2018;3146;2204,828514;,
Fuera SC;Fuera SC;15;Zetaquira;15897;2018;4374;9810,199436;,
A-Manizales;Centro aglomeracion;17;Manizales;17001;2018;400136;12736,96495;,
Fuera SC;Fuera SC;17;Aguadas;17013;2018;21439;9682,734982;,
Fuera SC;Fuera SC;17;Anserma;17042;2018;33397;1129,746173;,
Fuera SC;Fuera SC;17;Aranzazu;17050;2018;11026;2278,110398;,
Fuera SC;Fuera SC;17;Belalcazar;17088;2018;10559;513,235725;,
Fuera SC;Fuera SC;17;Chinchina;17174;2018;50880;178,314699;,
Fuera SC;Fuera SC;17;Filadelfia;17272;2018;10548;894,88026;,
Fuera SC;Fuera SC;17;La Dorada;17380;2018;78135;4397,070522;,
Fuera SC;Fuera SC;17;La Merced;17388;2018;5172;1015,915035;,
Fuera SC;Fuera SC;17;Manzanares;17433;2018;22781;4983,1122;,
Fuera SC;Fuera SC;17;Marmato;17442;2018;9290;302,636147;,
Fuera SC;Fuera SC;17;Marquetalia;17444;2018;15010;1238,548103;,
Fuera SC;Fuera SC;17;Marulanda;17446;2018;3382;17114,01081;,
Fuera SC;Fuera SC;17;Neira;17486;2018;31180;7288,435848;,
Fuera SC;Fuera SC;17;Norcasia;17495;2018;6228;6364,888593;,
Fuera SC;Fuera SC;17;Pacora;17513;2018;11130;6572,331761;,
Fuera SC;Fuera SC;17;Palestina;17524;2018;17639;212,934154;,
Fuera SC;Fuera SC;17;Pensilvania;17541;2018;26344;23102,6485;,
Fuera SC;Fuera SC;17;Riosucio;17614;2018;63822;13313,65991;,
Fuera SC;Fuera SC;17;Risaralda;17616;2018;9254;478,050054;,
Fuera SC;Fuera SC;17;Salamina;17653;2018;15697;6140,030607;,
Fuera SC;Fuera SC;17;Samana;17662;2018;25794;30833,81112;,
Fuera SC;Fuera SC;17;San Jose;17665;2018;7603;228,155005;,
Fuera SC;Fuera SC;17;Supia;17777;2018;27300;902,640474;,
Fuera SC;Fuera SC;17;Victoria;17867;2018;8124;11405,08446;,
A-Manizales;En aglomeracion;17;Villamaria;17873;2018;59598;27790,41023;,
Fuera SC;Fuera SC;17;Viterbo;17877;2018;12398;228,199668;,
SA-Otros SC;Uninodal;18;Florencia;18001;2018;181493;135467,9524;,
Fuera SC;Fuera SC;18;Albania;18029;2018;6434;1019,362355;,
Fuera SC;Fuera SC;18;Belen de Los Andaquies;18094;2018;11721;62433,12007;,
Fuera SC;Fuera SC;18;Cartagena del Chaira;18150;2018;34953;908181,9298;,
Fuera SC;Fuera SC;18;Curillo;18205;2018;11829;10109,79005;,
Fuera SC;Fuera SC;18;El Doncello;18247;2018;22267;43793,09441;,
Fuera SC;Fuera SC;18;El Paujil;18256;2018;21148;35072,08944;,
Fuera SC;Fuera SC;18;La Montañita;18410;2018;24140;27256,41857;,
Fuera SC;Fuera SC;18;Milan;18460;2018;11829;27017,09227;,
Fuera SC;Fuera SC;18;Morelia;18479;2018;3892;3042,628936;,
Fuera SC;Fuera SC;18;Puerto Rico;18592;2018;33623;196264,0069;,
Fuera SC;Fuera SC;18;San Jose del Fragua;18610;2018;15223;81322,92644;,
Fuera SC;Fuera SC;18;San Vicente del Caguan;18753;2018;71704;1143036,053;,
Fuera SC;Fuera SC;18;Solano;18756;2018;25074;4037756,05;,
Fuera SC;Fuera SC;18;Solita;18785;2018;9139;13015,44143;,
Fuera SC;Fuera SC;18;Valparaiso;18860;2018;11772;11664,99199;,
SA-Otros SC;Uninodal;19;Popayan;19001;2018;284737;2051,841486;,
Fuera SC;Fuera SC;19;Almaguer;19022;2018;21351;1771,120976;,
Fuera SC;Fuera SC;19;Argelia;19050;2018;27454;49266,29566;,
Fuera SC;Fuera SC;19;Balboa;19075;2018;26210;9476,219356;,
Fuera SC;Fuera SC;19;Bolivar;19100;2018;44836;5833,043093;,
Fuera SC;Fuera SC;19;Buenos Aires;19110;2018;34037;7740,773803;,
Fuera SC;Fuera SC;19;Cajibio;19130;2018;38428;2527,159367;,
Fuera SC;Fuera SC;19;Caldono;19137;2018;33910;1189,658476;,
Fuera SC;Fuera SC;19;Caloto;19142;2018;17736;756,589109;,
Fuera SC;Fuera SC;19;Corinto;19212;2018;33107;9944,001392;,
Fuera SC;Fuera SC;19;El Tambo;19256;2018;47958;141450,7328;,
Fuera SC;Fuera SC;19;Florencia;19290;2018;6175;285,839332;,
Fuera SC;Fuera SC;19;Guachene;19300;2018;19920;;,,
Fuera SC;Fuera SC;19;Guapi;19318;2018;29931;240051,5606;,
Fuera SC;Fuera SC;19;Inza;19355;2018;32150;57652,18857;,
Fuera SC;Fuera SC;19;Jambalo;19364;2018;18663;6548,0618;,
Fuera SC;Fuera SC;19;La Sierra;19392;2018;10576;755,028126;,
Fuera SC;Fuera SC;19;La Vega;19397;2018;47007;10915,75215;,
Fuera SC;Fuera SC;19;Lopez;19418;2018;20721;310888,9655;,
Fuera SC;Fuera SC;19;Mercaderes;19450;2018;18198;3227,88126;,
Fuera SC;Fuera SC;19;Miranda;19455;2018;41925;5501,709384;,
Fuera SC;Fuera SC;19;Morales;19473;2018;26535;10246,92012;,
A-Cali;En aglomeracion;19;Padilla;19513;2018;7744;;,,
Fuera SC;Fuera SC;19;Paez;19517;2018;36254;105986,4089;,
Fuera SC;Fuera SC;19;Patia;19532;2018;37209;5005,953295;,
Fuera SC;Fuera SC;19;Piamonte;19533;2018;7437;73260,67175;,
Fuera SC;Fuera SC;19;Piendamo;19548;2018;45355;591,010157;,
A-Cali;En aglomeracion;19;Puerto Tejada;19573;2018;46088;;,,
Fuera SC;Fuera SC;19;Purace;19585;2018;15275;57349,00765;,
Fuera SC;Fuera SC;19;Rosas;19622;2018;13542;480,616274;,
Fuera SC;Fuera SC;19;San Sebastian;19693;2018;14314;21032,6342;,
Fuera SC;Fuera SC;19;Santander de Quilichao;19698;2018;97965;2416,581995;,
Fuera SC;Fuera SC;19;Santa Rosa;19701;2018;10780;328119,9475;,
Fuera SC;Fuera SC;19;Silvia;19743;2018;32588;26522,59502;,
Fuera SC;Fuera SC;19;Sotara;19760;2018;17416;15564,35717;,
Fuera SC;Fuera SC;19;Suarez;19780;2018;18485;6495,228955;,
Fuera SC;Fuera SC;19;;70;19785;2018;8880;1145,745323,
Fuera SC;Fuera SC;19;Timbio;19807;2018;35160;9,076743;,
Fuera SC;Fuera SC;19;Timbiqui;19809;2018;21969;184944,7999;,
Fuera SC;Fuera SC;19;Toribio;19821;2018;30110;21830,35079;,
Fuera SC;Fuera SC;19;Totoro;19824;2018;21016;10750,36934;,
A-Cali;En aglomeracion;19;Villa Rica;19845;2018;16781;2,165563;,
SA-Otros SC;Uninodal;20;Valledupar;20001;2018;483286;96836,33893;,
Fuera SC;Fuera SC;20;Aguachica;20011;2018;95782;11722,80564;,
Fuera SC;Fuera SC;20;Agustin Codazzi;20013;2018;49654;33776,25672;,
Fuera SC;Fuera SC;20;Astrea;20032;2018;19348;465,366147;,
Fuera SC;Fuera SC;20;Becerril;20045;2018;13261;15241,80125;,
Fuera SC;Fuera SC;20;Bosconia;20060;2018;39100;4400,902908;,
Fuera SC;Fuera SC;20;Chimichagua;20175;2018;30404;36399,75284;,
Fuera SC;Fuera SC;20;Chiriguana;20178;2018;18852;15812,22199;,
Fuera SC;Fuera SC;20;Curumani;20228;2018;23360;28807,44347;,
Fuera SC;Fuera SC;20;El Copey;20238;2018;26803;37818,34519;,
Fuera SC;Fuera SC;20;El Paso;20250;2018;23361;1543,692892;,
Fuera SC;Fuera SC;20;Gamarra;20295;2018;17278;4004,46325;,
Fuera SC;Fuera SC;20;Gonzalez;20310;2018;6398;2340,141291;,
Fuera SC;Fuera SC;20;La Gloria;20383;2018;12405;13198,24836;,
Fuera SC;Fuera SC;20;La Jagua de Ibirico;20400;2018;22372;15146,73639;,
Fuera SC;Fuera SC;20;Manaure;20443;2018;15557;7140,606939;,
Fuera SC;Fuera SC;20;Pailitas;20517;2018;17462;13481,77717;,
Fuera SC;Fuera SC;20;Pelaya;20550;2018;18243;7696,02512;,
Fuera SC;Fuera SC;20;Pueblo Bello;20570;2018;23985;24156,4273;,
Fuera SC;Fuera SC;20;Rio de Oro;20614;2018;13897;7607,561031;,
Fuera SC;Fuera SC;20;La Paz;20621;2018;22977;30505,86086;,
Fuera SC;Fuera SC;20;San Alberto;20710;2018;26080;8186,630315;,
Fuera SC;Fuera SC;20;San Diego;20750;2018;13208;8209,145435;,
Fuera SC;Fuera SC;20;San Martin;20770;2018;18846;13189,53781;,
Fuera SC;Fuera SC;20;Tamalameque;20787;2018;13754;8009,077381;,
SA-Monteria-Sincelejo;Uninodal;23;Monteria;23001;2018;460082;6358,369715;,
Fuera SC;Fuera SC;23;Ayapel;23068;2018;54144;144611,5976;,
Fuera SC;Fuera SC;23;Buenavista;23079;2018;22459;1476,750202;,
Fuera SC;Fuera SC;23;Canalete;23090;2018;23028;277,345866;,
Fuera SC;Fuera SC;23;Cerete;23162;2018;93713;2572,566927;,
Fuera SC;Fuera SC;23;Chima;23168;2018;15438;26017,3208;,
Fuera SC;Fuera SC;23;Chinu;23182;2018;49841;270,875859;,
Fuera SC;Fuera SC;23;Cienaga de Oro;23189;2018;67934;9535,333378;,
Fuera SC;Fuera SC;23;Cotorra;23300;2018;15547;8826,853655;,
Fuera SC;Fuera SC;23;La Apartada;23350;2018;16046;4644,852172;,
Fuera SC;Fuera SC;23;Lorica;23417;2018;120558;27532,50094;,
Fuera SC;Fuera SC;23;Los Cordobas;23419;2018;25947;781,67476;,
Fuera SC;Fuera SC;23;Momil;23464;2018;15175;4463,243829;,
Fuera SC;Fuera SC;23;Montelibano;23466;2018;86858;45253,39747;,
Fuera SC;Fuera SC;23;Moñitos;23500;2018;28708;424,051801;,
Fuera SC;Fuera SC;23;Planeta Rica;23555;2018;68810;768,967478;,
Fuera SC;Fuera SC;23;Pueblo Nuevo;23570;2018;40911;2687,848531;,
Fuera SC;Fuera SC;23;Puerto Escondido;23574;2018;31834;527,940123;,
Fuera SC;Fuera SC;23;Puerto Libertador;23580;2018;52371;68840,23476;,
Fuera SC;Fuera SC;23;Purisima;23586;2018;15172;2614,244518;,
Fuera SC;Fuera SC;23;Sahagun;23660;2018;90406;97,374947;,
Fuera SC;Fuera SC;23;San Andres Sotavento;23670;2018;46145;117,167747;,
Fuera SC;Fuera SC;23;San Antero;23672;2018;33096;8648,128558;,
Fuera SC;Fuera SC;23;San Bernardo del Viento;23675;2018;35874;13111,25151;,
Fuera SC;Fuera SC;23;San Carlos;23678;2018;28236;177,788372;,
Fuera SC;Fuera SC;23;San Jose de Ure;23682;2018;11549;8318,189097;,
Fuera SC;Fuera SC;23;San Pelayo;23686;2018;44972;7491,762235;,
Fuera SC;Fuera SC;23;Tierralta;23807;2018;107302;360602,848;,
Fuera SC;Fuera SC;23;Tuchin;23815;2018;40425;306,586111;,
Fuera SC;Fuera SC;23;Valencia;23855;2018;45926;5419,144173;,
Fuera SC;Fuera SC;25;Agua de Dios;25001;2018;10733;1598,803881;,
Fuera SC;Fuera SC;25;Alban;25019;2018;5957;999,083072;,
Fuera SC;Fuera SC;25;Anapoima;25035;2018;13928;2690,948278;,
Fuera SC;Fuera SC;25;Anolaima;25040;2018;11998;2432,166344;,
Fuera SC;Fuera SC;25;Arbelaez;25053;2018;12412;3450,44371;,
Fuera SC;Fuera SC;25;Beltran;25086;2018;2281;9039,120753;,
Fuera SC;Fuera SC;25;Bituima;25095;2018;2480;95,442825;,
A-Bogota;En aglomeracion;25;Bojaca;25099;2018;12448;2722,09014;,
Fuera SC;Fuera SC;25;Cabrera;25120;2018;4434;30003,10782;,
Fuera SC;Fuera SC;25;Cachipay;25123;2018;9765;641,439054;,
A-Bogota;En aglomeracion;25;Cajica;25126;2018;60379;104,407346;,
Fuera SC;Fuera SC;25;Caparrapi;25148;2018;16732;8815,737437;,
Fuera SC;Fuera SC;25;Caqueza;25151;2018;17303;176,812085;,
Fuera SC;Fuera SC;25;Carmen de Carupa;25154;2018;9366;16107,98863;,
Fuera SC;Fuera SC;25;Chaguani;25168;2018;3962;1123,948166;,
A-Bogota;En aglomeracion;25;Chia;25175;2018;135752;581,049988;,
Fuera SC;Fuera SC;25;Chipaque;25178;2018;8401;5865,683189;,
Fuera SC;Fuera SC;25;Choachi;25181;2018;10553;8119,826059;,
Fuera SC;Fuera SC;25;Choconta;25183;2018;27238;6629,759021;,
A-Bogota;En aglomeracion;25;Cogua;25200;2018;23654;5138,543185;,
A-Bogota;En aglomeracion;25;Cota;25214;2018;26463;261,567377;,
Fuera SC;Fuera SC;25;Cucunuba;25224;2018;7589;1319,805952;,
Fuera SC;Fuera SC;25;El Colegio;25245;2018;22163;2099,645132;,
Fuera SC;Fuera SC;25;El Peñon;25258;2018;4775;2616,592951;,
Fuera SC;Fuera SC;25;El Rosal;25260;2018;18440;146,896631;,
A-Bogota;En aglomeracion;25;Facatativa;25269;2018;139364;1649,161358;,
Fuera SC;Fuera SC;25;Fomeque;25279;2018;12228;30531,59765;,
Fuera SC;Fuera SC;25;Fosca;25281;2018;7852;2831,365194;,
A-Bogota;En aglomeracion;25;Funza;25286;2018;79545;1053,408299;,
Fuera SC;Fuera SC;25;Fuquene;25288;2018;5780;1992,278054;,
SA-Otros SC;Uninodal;25;Fusagasuga;25290;2018;142426;1415,442778;,
Fuera SC;Fuera SC;25;Gachala;25293;2018;5674;24843,70147;,
A-Bogota;En aglomeracion;25;Gachancipa;25295;2018;15632;325,21412;,
Fuera SC;Fuera SC;25;Gacheta;25297;2018;11310;7124,140064;,
Fuera SC;Fuera SC;25;Gama;25299;2018;4045;4503,795919;,
A-Girardot;Centro aglomeracion;25;Girardot;25307;2018;106818;1425,422171;,
Fuera SC;Fuera SC;25;Granada;25312;2018;9253;764,314144;,
Fuera SC;Fuera SC;25;Guacheta;25317;2018;11348;2644,528967;,
Fuera SC;Fuera SC;25;Guaduas;25320;2018;40446;11984,80063;,
Fuera SC;Fuera SC;25;Guasca;25322;2018;15478;21161,1328;,
Fuera SC;Fuera SC;25;Guataqui;25324;2018;2689;3349,755445;,
A-Bogota;En aglomeracion;25;Guatavita;25326;2018;6958;13808,90399;,
Fuera SC;Fuera SC;25;Guayabal de Siquima;25328;2018;3659;192,877259;,
Fuera SC;Fuera SC;25;Guayabetal;25335;2018;4989;12948,59427;,
Fuera SC;Fuera SC;25;Gutierrez;25339;2018;4312;30468,45571;,
Fuera SC;Fuera SC;25;Jerusalen;25368;2018;2664;2323,739519;,
Fuera SC;Fuera SC;25;Junin;25372;2018;8701;15412,63897;,
A-Bogota;En aglomeracion;25;La Calera;25377;2018;28568;9140,438605;,
Fuera SC;Fuera SC;25;La Mesa;25386;2018;32771;2610,589122;,
Fuera SC;Fuera SC;25;La Palma;25394;2018;11012;3998,331244;,
Fuera SC;Fuera SC;25;La Peña;25398;2018;7046;1324,209536;,
Fuera SC;Fuera SC;25;La Vega;25402;2018;14489;3879,625317;,
Fuera SC;Fuera SC;25;Lenguazaque;25407;2018;10394;1813,559189;,
Fuera SC;Fuera SC;25;Macheta;25426;2018;6178;9015,293134;,
A-Bogota;En aglomeracion;25;Madrid;25430;2018;82118;468,170159;,
Fuera SC;Fuera SC;25;Manta;25436;2018;4769;1437,436226;,
Fuera SC;Fuera SC;25;Medina;25438;2018;10183;46647,14996;,
A-Bogota;En aglomeracion;25;Mosquera;25473;2018;89108;871,027158;,
Fuera SC;Fuera SC;25;52;25483;2018;2249;1002,380725;,
A-Bogota;En aglomeracion;25;Nemocon;25486;2018;14137;405,591927;,
Fuera SC;Fuera SC;25;Nilo;25488;2018;19828;2315,007981;,
Fuera SC;Fuera SC;25;Nimaima;25489;2018;7074;1204,858872;,
Fuera SC;Fuera SC;25;Nocaima;25491;2018;8157;506,768602;,
Fuera SC;Fuera SC;25;Venecia;25506;2018;4084;6816,114715;,
Fuera SC;Fuera SC;25;Pacho;25513;2018;27780;6047,283176;,
Fuera SC;Fuera SC;25;Paime;25518;2018;4255;5440,367542;,
Fuera SC;Fuera SC;25;Pandi;25524;2018;5717;1053,068764;,
Fuera SC;Fuera SC;25;Paratebueno;25530;2018;7809;14150,99598;,
Fuera SC;Fuera SC;25;Pasca;25535;2018;12479;14735,43578;,
Fuera SC;Fuera SC;25;Puerto Salgar;25572;2018;19665;16252,10672;,
Fuera SC;Fuera SC;25;Puli;25580;2018;3031;5930,552886;,
Fuera SC;Fuera SC;25;Quebradanegra;25592;2018;4766;296,2007;,
Fuera SC;Fuera SC;25;Quetame;25594;2018;7298;4389,618729;,
Fuera SC;Fuera SC;25;Quipile;25596;2018;8146;836,278583;,
Fuera SC;Fuera SC;25;Apulo;25599;2018;7812;2992,027714;,
A-Girardot;En aglomeracion;25;Ricaurte;25612;2018;9844;1171,735485;,
Fuera SC;Fuera SC;25;San Antonio del Tequendama;25645;2018;13272;2980,585402;,
Fuera SC;Fuera SC;25;San Bernardo;25649;2018;10775;13673,25354;,
Fuera SC;Fuera SC;25;San Cayetano;25653;2018;5354;6511,683536;,
Fuera SC;Fuera SC;25;San Francisco;25658;2018;10011;2185,088766;,
Fuera SC;Fuera SC;25;San Juan de Rio Seco;25662;2018;9670;5799,354098;,
Fuera SC;Fuera SC;25;Sasaima;25718;2018;10828;1133,13088;,
A-Bogota;En aglomeracion;25;Sesquile;25736;2018;15415;3969,481949;,
A-Bogota;En aglomeracion;25;Sibate;25740;2018;40535;3290,374582;,
Fuera SC;Fuera SC;25;Silvania;25743;2018;22068;1484,127744;,
Fuera SC;Fuera SC;25;Simijaca;25745;2018;13741;381,137085;,
A-Bogota;En aglomeracion;25;Soacha;25754;2018;544997;5217,557647;,
A-Bogota;En aglomeracion;25;Sopo;25758;2018;28518;1374,673483;,
Fuera SC;Fuera SC;25;Subachoque;25769;2018;17077;6690,57063;,
Fuera SC;Fuera SC;25;Suesca;25772;2018;18375;740,113032;,
Fuera SC;Fuera SC;25;Supata;25777;2018;5027;2111,10427;,
Fuera SC;Fuera SC;25;Susa;25779;2018;13189;3020,71394;,
A-Bogota;En aglomeracion;25;Sutatausa;25781;2018;5809;584,172431;,
A-Bogota;En aglomeracion;25;Tabio;25785;2018;29042;754,640993;,
A-Bogota;En aglomeracion;25;Tausa;25793;2018;9106;17767,65256;,
Fuera SC;Fuera SC;25;Tena;25797;2018;9359;777,807333;,
Fuera SC;Fuera SC;25;Tenjo;25799;2018;20179;1385,00447;,
Fuera SC;Fuera SC;25;Tibacuy;25805;2018;4832;2984,899123;,
Fuera SC;Fuera SC;25;Tibirita;25807;2018;2938;1241,130883;,
Fuera SC;Fuera SC;25;Tocaima;25815;2018;18704;3326,169838;,
A-Bogota;En aglomeracion;25;Tocancipa;25817;2018;34554;728,712904;,
Fuera SC;Fuera SC;25;Topaipi;25823;2018;4493;3186,317635;,
Fuera SC;Fuera SC;25;Ubala;25839;2018;10337;16890,63492;,
Fuera SC;Fuera SC;25;Ubaque;25841;2018;5958;2382,29063;,
Fuera SC;Fuera SC;25;Ubate;25843;2018;39393;411,547661;,
Fuera SC;Fuera SC;25;Une;25845;2018;9561;12578,57707;,
Fuera SC;Fuera SC;25;Útica;25851;2018;5039;464,974885;,
Fuera SC;Fuera SC;25;Vergara;25862;2018;7719;1784,487136;,
Fuera SC;Fuera SC;25;Viani;25867;2018;4226;136,763025;,
Fuera SC;Fuera SC;25;Villagomez;25871;2018;2168;1098,822346;,
Fuera SC;Fuera SC;25;Villapinzon;25873;2018;20711;6866,629754;,
Fuera SC;Fuera SC;25;Villeta;25875;2018;25497;438,518086;,
Fuera SC;Fuera SC;25;Viota;25878;2018;13328;5899,648323;,
Fuera SC;Fuera SC;25;Yacopi;25885;2018;17113;25487,97584;,
Fuera SC;Fuera SC;25;Zipacon;25898;2018;5750;1572,276131;,
A-Bogota;En aglomeracion;25;Zipaquira;25899;2018;128426;8309,603283;,
SA-Otros SC;Uninodal;27;Quibdo;27001;2018;116178;323900,0826;,
Fuera SC;Fuera SC;27;Acandi;27006;2018;9335;57713,90335;,
Fuera SC;Fuera SC;27;Alto Baudo;27025;2018;39684;181917,4388;,
Fuera SC;Fuera SC;27;Atrato;27050;2018;10751;36374,9901;,
Fuera SC;Fuera SC;27;Bagado;27073;2018;7937;71774,76476;,
Fuera SC;Fuera SC;27;Bahia Solano;27075;2018;9400;80545,40512;,
Fuera SC;Fuera SC;27;Bajo Baudo;27077;2018;17733;306078,2407;,
Fuera SC;Fuera SC;27;Bojaya;27099;2018;10113;345612,8093;,
Fuera SC;Fuera SC;27;El Canton del San Pablo;27135;2018;8586;31687,83647;,
Fuera SC;Fuera SC;27;Carmen del Darien;27150;2018;5548;252977,7961;,
Fuera SC;Fuera SC;27;Certegui;27160;2018;10196;40006,36719;,
Fuera SC;Fuera SC;27;Condoto;27205;2018;15165;42077,00803;,
Fuera SC;Fuera SC;27;El Carmen de Atrato;27245;2018;14770;63627,48374;,
Fuera SC;Fuera SC;27;El Litoral del San Juan;27250;2018;16405;389751,1859;,
Fuera SC;Fuera SC;27;Istmina;27361;2018;25833;167082,9298;,
Fuera SC;Fuera SC;27;Jurado;27372;2018;3239;117439,8767;,
Fuera SC;Fuera SC;27;Lloro;27413;2018;11461;76282,38114;,
Fuera SC;Fuera SC;27;Medio Atrato;27425;2018;32486;165754,3292;,
Fuera SC;Fuera SC;27;Medio Baudo;27430;2018;14150;121001,6604;,
Fuera SC;Fuera SC;27;Medio San Juan;27450;2018;17456;59641,14789;,
Fuera SC;Fuera SC;27;Novita;27491;2018;7958;86049,55029;,
Fuera SC;Fuera SC;27;Nuqui;27495;2018;8866;64263,29421;,
Fuera SC;Fuera SC;27;Rio Iro;27580;2018;10218;29976,09511;,
Fuera SC;Fuera SC;27;Rio Quito;27600;2018;9292;63256,85051;,
Fuera SC;Fuera SC;27;Riosucio;27615;2018;28986;623902,8804;,
Fuera SC;Fuera SC;27;San Jose del Palmar;27660;2018;4740;142000,4828;,
Fuera SC;Fuera SC;27;Sipi;27745;2018;4219;151091,0535;,
Fuera SC;Fuera SC;27;Tado;27787;2018;19112;68327,82097;,
Fuera SC;Fuera SC;27;Unguia;27800;2018;15263;71012,93519;,
Fuera SC;Fuera SC;27;Union Panamericana;27810;2018;10065;13752,68789;,
SA-Otros SC;Uninodal;41;Neiva;41001;2018;347438;31295,59859;,
Fuera SC;Fuera SC;41;Acevedo;41006;2018;35107;27066,52475;,
Fuera SC;Fuera SC;41;Agrado;41013;2018;9223;200,495549;,
Fuera SC;Fuera SC;41;Aipe;41016;2018;28418;2948,563324;,
Fuera SC;Fuera SC;41;Algeciras;41020;2018;24662;31873,92603;,
Fuera SC;Fuera SC;41;Altamira;41026;2018;4538;419,200826;,
Fuera SC;Fuera SC;41;Baraya;41078;2018;9718;22749,0663;,
Fuera SC;Fuera SC;41;Campoalegre;41132;2018;34772;11460,48027;,
Fuera SC;Fuera SC;41;Colombia;41206;2018;12778;93199,33631;,
Fuera SC;Fuera SC;41;Elias;41244;2018;4130;354,680499;,
Fuera SC;Fuera SC;41;Garzon;41298;2018;94219;20916,51278;,
Fuera SC;Fuera SC;41;Gigante;41306;2018;34952;14036,25437;,
Fuera SC;Fuera SC;41;Guadalupe;41319;2018;22467;7259,857942;,
Fuera SC;Fuera SC;41;Hobo;41349;2018;7019;5255,141077;,
Fuera SC;Fuera SC;41;Íquira;41357;2018;13403;15609,94804;,
Fuera SC;Fuera SC;41;Isnos;41359;2018;28187;13671,40085;,
Fuera SC;Fuera SC;41;La Argentina;41378;2018;14797;26799,1183;,
Fuera SC;Fuera SC;41;La Plata;41396;2018;66072;21389,76285;,
Fuera SC;Fuera SC;41;Nataga;41483;2018;6496;1103,018518;,
Fuera SC;Fuera SC;41;Oporapa;41503;2018;14475;7778,911659;,
Fuera SC;Fuera SC;41;Paicol;41518;2018;5691;328,773005;,
Fuera SC;Fuera SC;41;Palermo;41524;2018;34406;8999,849917;,
Fuera SC;Fuera SC;41;Palestina;41530;2018;11950;8796,72776;,
Fuera SC;Fuera SC;41;Pital;41548;2018;13951;1849,20118;,
Fuera SC;Fuera SC;41;Pitalito;41551;2018;133205;11075,87906;,
Fuera SC;Fuera SC;41;Rivera;41615;2018;19378;10416,31833;,
Fuera SC;Fuera SC;41;Saladoblanco;41660;2018;11821;34868,1099;,
Fuera SC;Fuera SC;41;San Agustin;41668;2018;33814;110030,0482;,
Fuera SC;Fuera SC;41;Santa Maria;41676;2018;11646;14024,8972;,
Fuera SC;Fuera SC;41;Suaza;41770;2018;20558;10242,88791;,
Fuera SC;Fuera SC;41;Tarqui;41791;2018;18096;8322,218691;,
Fuera SC;Fuera SC;41;Tesalia;41797;2018;9346;461,239539;,
Fuera SC;Fuera SC;41;Tello;41799;2018;14448;11044,55803;,
Fuera SC;Fuera SC;41;Teruel;41801;2018;8876;30022,24;,
Fuera SC;Fuera SC;41;Timana;41807;2018;20423;1968,380204;,
Fuera SC;Fuera SC;41;Villavieja;41872;2018;7307;32196,59061;,
Fuera SC;Fuera SC;41;Yaguara;41885;2018;9294;4688,878485;,
SA-Riohacha-Maicao;Uninodal;44;Riohacha;44001;2018;286973;80676,64315;,
Fuera SC;Fuera SC;44;Albania;44035;2018;28044;18749,42994;,
Fuera SC;Fuera SC;44;Barrancas;44078;2018;36862;23330,69439;,
Fuera SC;Fuera SC;44;Dibulla;44090;2018;36636;123617,2045;,
Fuera SC;Fuera SC;44;Distraccion;44098;2018;16799;3574,773367;,
Fuera SC;Fuera SC;44;El Molino;44110;2018;9037;9142,370391;,
Fuera SC;Fuera SC;44;Fonseca;44279;2018;34762;14302,78295;,
Fuera SC;Fuera SC;44;Hatonuevo;44378;2018;27721;979,604547;,
Fuera SC;Fuera SC;44;La Jagua del Pilar;44420;2018;3308;6592,240485;,
SA-Riohacha-Maicao;Uninodal;44;Maicao;44430;2018;164424;13685,31845;,
Fuera SC;Fuera SC;44;Manaure;44560;2018;116248;9566,955213;,
Fuera SC;Fuera SC;44;San Juan del Cesar;44650;2018;38900;44115,44906;,
Fuera SC;Fuera SC;44;Uribia;44847;2018;192721;35477,52667;,
Fuera SC;Fuera SC;44;Urumita;44855;2018;19214;12847,04436;,
Fuera SC;Fuera SC;44;Villanueva;44874;2018;28508;4762,871313;,
SA-Eje Caribe;Uninodal;47;Santa Marta;47001;2018;507455;189492,1518;,
Fuera SC;Fuera SC;47;Algarrobo;47030;2018;12830;316,827818;,
Fuera SC;Fuera SC;47;Aracataca;47053;2018;40879;128729,0761;,
Fuera SC;Fuera SC;47;Ariguani;47058;2018;32527;1626,695027;,
Fuera SC;Fuera SC;47;Cerro de San Antonio;47161;2018;7734;4486,68298;,
Fuera SC;Fuera SC;47;Chivolo;47170;2018;15793;348,685997;,
SA-Eje Caribe;Uninodal;47;Cienaga;47189;2018;105206;71973,57406;,
Fuera SC;Fuera SC;47;Concordia;47205;2018;9260;983,303677;,
Fuera SC;Fuera SC;47;El Banco;47245;2018;55949;36868,85886;,
Fuera SC;Fuera SC;47;El Piñon;47258;2018;16718;1532,998592;,
Fuera SC;Fuera SC;47;El Reten;47268;2018;21766;2361,58323;,
Fuera SC;Fuera SC;47;Fundacion;47288;2018;57527;35565,1232;,
Fuera SC;Fuera SC;47;Guamal;47318;2018;28012;11587,51288;,
Fuera SC;Fuera SC;47;Nueva Granada;47460;2018;21130;1696,80697;,
Fuera SC;Fuera SC;47;Pedraza;47541;2018;8095;8695,578582;,
Fuera SC;Fuera SC;47;Pijiño del Carmen;47545;2018;16411;2024,051853;,
Fuera SC;Fuera SC;47;Pivijay;47551;2018;33400;2842,9244;,
Fuera SC;Fuera SC;47;Plato;47555;2018;60824;52179,72051;,
Fuera SC;Fuera SC;47;Puebloviejo;47570;2018;32346;48922,00709;,
Fuera SC;Fuera SC;47;Remolino;47605;2018;7980;28975,5402;,
Fuera SC;Fuera SC;47;Sabanas de San Ángel;47660;2018;17568;2874,045352;,
Fuera SC;Fuera SC;47;Salamina;47675;2018;6758;1307,86454;,
Fuera SC;Fuera SC;47;San Sebastian de Buenavista;47692;2018;17568;5659,991542;,
Fuera SC;Fuera SC;47;San Zenon;47703;2018;9178;8087,46952;,
Fuera SC;Fuera SC;47;Santa Ana;47707;2018;26923;6998,870287;,
Fuera SC;Fuera SC;47;Santa Barbara de Pinto;47720;2018;13103;25485,5269;,
A-Barranquilla;En aglomeracion;47;Sitionuevo;47745;2018;32801;73435,09382;,
Fuera SC;Fuera SC;47;Tenerife;47798;2018;12214;7124,886303;,
Fuera SC;Fuera SC;47;Zapayan;47960;2018;8907;2179,248437;,
Fuera SC;Fuera SC;47;Zona Bananera;47980;2018;61829;1311,889341;,
A-Villavicencio;Centro aglomeracion;50;Villavicencio;50001;2018;516831;27409,53692;,
Fuera SC;Fuera SC;50;Acacias;50006;2018;73640;46135,82351;,
Fuera SC;Fuera SC;50;Barranca de Upia;50110;2018;4180;5949,221622;,
Fuera SC;Fuera SC;50;Cabuyaro;50124;2018;4108;14443,18892;,
Fuera SC;Fuera SC;50;Castilla la Nueva;50150;2018;10494;6470,76062;,
Fuera SC;Fuera SC;50;Cubarral;50223;2018;6188;97978,4042;,
Fuera SC;Fuera SC;50;Cumaral;50226;2018;18395;5690,217648;,
Fuera SC;Fuera SC;50;El Calvario;50245;2018;2222;19221,34035;,
Fuera SC;Fuera SC;50;El Castillo;50251;2018;6184;19263,57008;,
Fuera SC;Fuera SC;50;El Dorado;50270;2018;3451;2580,383058;,
Fuera SC;Fuera SC;50;Fuente de Oro;50287;2018;13919;5694,983876;,
Fuera SC;Fuera SC;50;Granada;50313;2018;65952;2464,631118;,
Fuera SC;Fuera SC;50;Guamal;50318;2018;9477;45794,07223;,
Fuera SC;Fuera SC;50;Mapiripan;50325;2018;18532;625215,1553;,
Fuera SC;Fuera SC;50;Mesetas;50330;2018;11481;153500,4355;,
Fuera SC;Fuera SC;50;La Macarena;50350;2018;35766;556003,3675;,
Fuera SC;Fuera SC;50;Uribe;50370;2018;17329;551225,6964;,
Fuera SC;Fuera SC;50;Lejanias;50400;2018;9303;57270,872;,
Fuera SC;Fuera SC;50;Puerto Concordia;50450;2018;22559;47089,28346;,
Fuera SC;Fuera SC;50;Puerto Gaitan;50568;2018;18903;297526,5422;,
Fuera SC;Fuera SC;50;Puerto Lopez;50573;2018;34696;117470,8697;,
Fuera SC;Fuera SC;50;Puerto Lleras;50577;2018;9491;61175,81819;,
Fuera SC;Fuera SC;50;Puerto Rico;50590;2018;18870;218494,8968;,
A-Villavicencio;En aglomeracion;50;Restrepo;50606;2018;10686;10735,86691;,
Fuera SC;Fuera SC;50;San Carlos de Guaroa;50680;2018;10680;9776,645033;,
Fuera SC;Fuera SC;50;San Juan de Arama;50683;2018;8728;28122,37566;,
Fuera SC;Fuera SC;50;San Juanito;50686;2018;2241;19438,17215;,
Fuera SC;Fuera SC;50;San Martin;50689;2018;25605;85517,76499;,
Fuera SC;Fuera SC;50;Vistahermosa;50711;2018;26790;335410,3629;,
A-Pasto;Centro aglomeracion;52;Pasto;52001;2018;455678;78515,84963;,
Fuera SC;Fuera SC;52;Alban;52019;2018;22999;17,247813;,
Fuera SC;Fuera SC;52;Aldana;52022;2018;5855;150,90944;,
Fuera SC;Fuera SC;52;Ancuya;52036;2018;6572;287,366812;,
Fuera SC;Fuera SC;52;Arboleda;52051;2018;7573;124,334945;,
Fuera SC;Fuera SC;52;Barbacoas;52079;2018;40429;241495,8834;,
Fuera SC;Fuera SC;52;Belen;52083;2018;7801;218,188254;,
Fuera SC;Fuera SC;52;Buesaco;52110;2018;25947;24849,26788;,
Fuera SC;Fuera SC;52;Colon;52203;2018;10238;133,48626;,
Fuera SC;Fuera SC;52;Consaca;52207;2018;9099;5854,940046;,
Fuera SC;Fuera SC;52;Contadero;52210;2018;7035;530,218992;,
Fuera SC;Fuera SC;52;23;52215;2018;14091;22112,52512;,
Fuera SC;Fuera SC;52;Cuaspud;52224;2018;8727;71,94476;,
Fuera SC;Fuera SC;52;Cumbal;52227;2018;39791;75597,61282;,
Fuera SC;Fuera SC;52;Cumbitara;52233;2018;16598;13525,00235;,
Fuera SC;Fuera SC;52;Chachagüi;52240;2018;14045;1512,078449;,
Fuera SC;Fuera SC;52;El Charco;52250;2018;41042;222766,9658;,
Fuera SC;Fuera SC;52;El Peñol;52254;2018;6383;803,683666;,
Fuera SC;Fuera SC;52;El Rosario;52256;2018;9801;36115,80345;,
Fuera SC;Fuera SC;52;El Tablon de Gomez;52258;2018;12388;14851,41812;,
Fuera SC;Fuera SC;52;El Tambo;52260;2018;11720;3566,724064;,
Fuera SC;Fuera SC;52;Funes;52287;2018;6354;28000,81385;,
Fuera SC;Fuera SC;52;Guachucal;52317;2018;15269;4434,90976;,
Fuera SC;Fuera SC;52;Guaitarilla;52320;2018;11508;431,173823;,
Fuera SC;Fuera SC;52;Gualmatan;52323;2018;5782;953,208753;,
Fuera SC;Fuera SC;52;Iles;52352;2018;8956;1195,38084;,
Fuera SC;Fuera SC;52;Imues;52354;2018;5902;77,243789;,
SA-Otros SC;Uninodal;52;Ipiales;52356;2018;148297;98694,4079;,
Fuera SC;Fuera SC;52;La Cruz;52378;2018;18292;10187,24261;,
Fuera SC;Fuera SC;52;La Florida;52381;2018;9297;3082,193733;,
Fuera SC;Fuera SC;52;La Llanada;52385;2018;5563;17928,73566;,
Fuera SC;Fuera SC;52;La Tola;52390;2018;14230;36474,18899;,
Fuera SC;Fuera SC;52;La Union;52399;2018;25483;648,898946;,
Fuera SC;Fuera SC;52;Leiva;52405;2018;14463;9001,493719;,
Fuera SC;Fuera SC;52;Linares;52411;2018;9525;2496,346298;,
Fuera SC;Fuera SC;52;Los Andes;52418;2018;20494;74518,4325;,
Fuera SC;Fuera SC;52;Magüi;52427;2018;24610;157807,5096;,
Fuera SC;Fuera SC;52;Mallama;52435;2018;7332;41049,86584;,
Fuera SC;Fuera SC;52;Mosquera;52473;2018;17783;68979,68579;,
A-Pasto;En aglomeracion;52;Nariñr;52480;2018;5074;580,44448;,
Fuera SC;Fuera SC;52;Olaya Herrera;52490;2018;32379;83335,83929;,
Fuera SC;Fuera SC;52;Ospina;52506;2018;8834;795,503418;,
Fuera SC;Fuera SC;52;Francisco Pizarro;52520;2018;16461;44473,31878;,
Fuera SC;Fuera SC;52;Policarpa;52540;2018;17783;21232,12355;,
Fuera SC;Fuera SC;52;Potosi;52560;2018;11830;28233,50139;,
Fuera SC;Fuera SC;52;Providencia;52565;2018;13711;1082,990429;,
Fuera SC;Fuera SC;52;Puerres;52573;2018;8186;28239,49304;,
Fuera SC;Fuera SC;52;Pupiales;52585;2018;19621;1627,634122;,
Fuera SC;Fuera SC;52;Ricaurte;52612;2018;19930;89554,22072;,
Fuera SC;Fuera SC;52;Roberto Payan;52621;2018;24695;116569,091;,
Fuera SC;Fuera SC;52;Samaniego;52678;2018;49270;37209,38405;,
Fuera SC;Fuera SC;52;Sandona;52683;2018;25746;2361,403702;,
Fuera SC;Fuera SC;52;San Bernardo;52685;2018;20908;667,242892;,
Fuera SC;Fuera SC;52;San Lorenzo;52687;2018;20283;982,20952;,
Fuera SC;Fuera SC;52;San Pablo;52693;2018;17217;573,366801;,
Fuera SC;Fuera SC;52;San Pedro de Cartago;52694;2018;7657;180,053018;,
Fuera SC;Fuera SC;52;Santa Barbara;52696;2018;14559;112047,5967;,
Fuera SC;Fuera SC;52;Santacruz;52699;2018;30900;35368,54741;,
Fuera SC;Fuera SC;52;Sapuyes;52720;2018;6017;3544,803675;,
Fuera SC;Fuera SC;52;Taminango;52786;2018;21629;825,608999;,
Fuera SC;Fuera SC;52;Tangua;52788;2018;9252;8729,434521;,
SA-Otros SC;Uninodal;52;San Andres de Tumaco;52835;2018;212692;196898,9136;,
Fuera SC;Fuera SC;52;Tuquerres;52838;2018;40276;5396,08377;,
Fuera SC;Fuera SC;52;Yacuanquer;52885;2018;11254;1599,188552;,
A-Cucuta;Centro aglomeracion;54;Cucuta;54001;2018;668838;18351,87149;,
Fuera SC;Fuera SC;54;Ábrego;54003;2018;39090;40268,08973;,
Fuera SC;Fuera SC;54;Arboledas;54051;2018;8946;31731,11786;,
Fuera SC;Fuera SC;54;Bochalema;54099;2018;7103;9563,466697;,
Fuera SC;Fuera SC;54;Bucarasica;54109;2018;4573;11974,30792;,
Fuera SC;Fuera SC;54;Cacota;54125;2018;1763;5939,637461;,
Fuera SC;Fuera SC;54;Cachira;54128;2018;11091;33252,35614;,
Fuera SC;Fuera SC;54;Chinacota;54172;2018;16848;9024,413203;,
Fuera SC;Fuera SC;54;Chitaga;54174;2018;10427;89871,81849;,
Fuera SC;Fuera SC;54;Convencion;54206;2018;12765;67749,16464;,
Fuera SC;Fuera SC;54;Cucutilla;54223;2018;7491;26542,2146;,
Fuera SC;Fuera SC;54;Durania;54239;2018;3679;8143,258426;,
Fuera SC;Fuera SC;54;El Carmen;54245;2018;13363;114674,1944;,
Fuera SC;Fuera SC;54;El Tarra;54250;2018;11025;25229,16495;,
Fuera SC;Fuera SC;54;El Zulia;54261;2018;23663;13099,97576;,
Fuera SC;Fuera SC;54;Gramalote;54313;2018;5370;4622,206392;,
Fuera SC;Fuera SC;54;Hacari;54344;2018;10860;20391,20805;,
Fuera SC;Fuera SC;54;Herran;54347;2018;3924;4428,210738;,
Fuera SC;Fuera SC;54;Labateca;54377;2018;5898;12832,58843;,
Fuera SC;Fuera SC;54;La Esperanza;54385;2018;12370;15863,8876;,
Fuera SC;Fuera SC;54;La Playa;54398;2018;8563;5408,119432;,
A-Cucuta;En aglomeracion;54;Los Patios;54405;2018;79336;6242,566214;,
Fuera SC;Fuera SC;54;Lourdes;54418;2018;3351;3554,026548;,
Fuera SC;Fuera SC;54;Mutiscua;54480;2018;3727;11724,04217;,
SA-Otros SC;Uninodal;54;Ocaña;54498;2018;100461;19538,47949;,
SA-Otros SC;Uninodal;54;Pamplona;54518;2018;58592;13766,01116;,
Fuera SC;Fuera SC;54;Pamplonita;54520;2018;4971;8677,364097;,
Fuera SC;Fuera SC;54;Puerto Santander;54553;2018;10757;194,671129;,
Fuera SC;Fuera SC;54;Ragonvalia;54599;2018;6907;2499,144432;,
Fuera SC;Fuera SC;54;Salazar;54660;2018;8870;29917,28674;,
Fuera SC;Fuera SC;54;San Calixto;54670;2018;13880;15735,43613;,
A-Cucuta;En aglomeracion;54;San Cayetano;54673;2018;5753;5339,667144;,
Fuera SC;Fuera SC;54;Santiago;54680;2018;2872;4244,840719;,
Fuera SC;Fuera SC;54;Sardinata;54720;2018;22596;67695,38258;,
Fuera SC;Fuera SC;54;Silos;54743;2018;4198;24788,01569;,
Fuera SC;Fuera SC;54;Teorama;54800;2018;22910;60968,40867;,
Fuera SC;Fuera SC;54;Tibu;54810;2018;37098;139519,9297;,
Fuera SC;Fuera SC;54;Toledo;54820;2018;17287;113625,7109;,
Fuera SC;Fuera SC;54;Villa Caro;54871;2018;5227;17644,67068;,
A-Cucuta;En aglomeracion;54;Villa del Rosario;54874;2018;94796;1865,46477;,
A-Armenia;Centro aglomeracion;63;Armenia;63001;2018;301224;48,650551;,
Fuera SC;Fuera SC;63;Buenavista;63111;2018;2758;300,714402;,
A-Armenia;En aglomeracion;63;Calarca;63130;2018;78779;4571,646626;,
A-Armenia;En aglomeracion;63;Circasia;63190;2018;30655;1948,30105;,
Fuera SC;Fuera SC;63;23;63212;2018;5268;4307,123218;,
Fuera SC;Fuera SC;63;Filandia;63272;2018;13580;3543,516684;,
Fuera SC;Fuera SC;63;Genova;63302;2018;7487;16494,1293;,
A-Armenia;En aglomeracion;63;La Tebaida;63401;2018;45242;145,642212;,
Fuera SC;Fuera SC;63;Montenegro;63470;2018;41722;420,459651;,
Fuera SC;Fuera SC;63;Pijao;63548;2018;6000;10900,89722;,
Fuera SC;Fuera SC;63;Quimbaya;63594;2018;35195;168,936936;,
Fuera SC;Fuera SC;63;Salento;63690;2018;7100;32127,00735;,
A-Pereira;Centro aglomeracion;66;Pereira;66001;2018;476636;18396,42369;,
Fuera SC;Fuera SC;66;Apia;66045;2018;19426;7796,240475;,
Fuera SC;Fuera SC;66;Balboa;66075;2018;6333;1125,975126;,
Fuera SC;Fuera SC;66;Belen de Umbria;66088;2018;27728;3018,75862;,
A-Pereira;En aglomeracion;66;Dosquebradas;66170;2018;204739;1999,779312;,
Fuera SC;Fuera SC;66;Guatica;66318;2018;15169;2654,15506;,
Fuera SC;Fuera SC;66;La Celia;66383;2018;8544;1966,20902;,
Fuera SC;Fuera SC;66;La Virginia;66400;2018;32265;1608,090033;,
Fuera SC;Fuera SC;66;Marsella;66440;2018;23917;992,79686;,
Fuera SC;Fuera SC;66;Mistrato;66456;2018;16595;45784,54986;,
Fuera SC;Fuera SC;66;Pueblo Rico;66572;2018;13817;52982,27528;,
Fuera SC;Fuera SC;66;Quinchia;66594;2018;33941;1499,751305;,
A-Pereira;En aglomeracion;66;Santa Rosa de Cabal;66682;2018;72836;39995,23601;,
Fuera SC;Fuera SC;66;Santuario;66687;2018;15821;6208,395271;,
A-Bucaramanga;Centro aglomeracion;68;Bucaramanga;68001;2018;528610;9553,038496;,
Fuera SC;Fuera SC;68;Aguada;68013;2018;1782;2576,715635;,
Fuera SC;Fuera SC;68;Albania;68020;2018;5289;4290,55731;,
Fuera SC;Fuera SC;68;Aratoca;68051;2018;8280;1213,31623;,
Fuera SC;Fuera SC;68;Barbosa;68077;2018;29352;66,548591;,
Fuera SC;Fuera SC;68;Barichara;68079;2018;7062;756,443107;,
SA-Bucaramanga;Uninodal;68;Barrancabermeja;68081;2018;191495;72033,59187;,
Fuera SC;Fuera SC;68;Betulia;68092;2018;5031;43009,98571;,
Fuera SC;Fuera SC;68;Bolivar;68101;2018;11919;52267,31813;,
Fuera SC;Fuera SC;68;Cabrera;68121;2018;2400;225,505647;,
Fuera SC;Fuera SC;68;California;68132;2018;2037;2676,201224;,
Fuera SC;Fuera SC;68;Capitanejo;68147;2018;5430;463,458323;,
Fuera SC;Fuera SC;68;Carcasi;68152;2018;4966;17768,36394;,
Fuera SC;Fuera SC;68;Cepita;68160;2018;1819;2142,142064;,
Fuera SC;Fuera SC;68;Cerrito;68162;2018;5532;37846,98402;,
Fuera SC;Fuera SC;68;Charala;68167;2018;10290;16656,68785;,
Fuera SC;Fuera SC;68;Charta;68169;2018;2549;7930,092374;,
Fuera SC;Fuera SC;68;Chima;68176;2018;3014;17321,22059;,
Fuera SC;Fuera SC;68;Chipata;68179;2018;5062;255,147039;,
Fuera SC;Fuera SC;68;Cimitarra;68190;2018;48328;77604,63668;,
Fuera SC;Fuera SC;68;Concepcion;68207;2018;5110;26689,62489;,
Fuera SC;Fuera SC;68;Confines;68209;2018;2695;907,22829;,
Fuera SC;Fuera SC;68;Contratacion;68211;2018;3352;13712,24603;,
Fuera SC;Fuera SC;68;Coromoro;68217;2018;7642;43833,57302;,
Fuera SC;Fuera SC;68;Curiti;68229;2018;12016;3012,488791;,
Fuera SC;Fuera SC;68;El Carmen de Chucuri;68235;2018;20671;76208,13737;,
Fuera SC;Fuera SC;68;El Guacamayo;68245;2018;1918;9296,762991;,
Fuera SC;Fuera SC;68;El Peñon;68250;2018;5038;27443,1481;,
Fuera SC;Fuera SC;68;El Playon;68255;2018;11385;27570,86787;,
Fuera SC;Fuera SC;68;Encino;68264;2018;2440;30228,52673;,
Fuera SC;Fuera SC;68;Enciso;68266;2018;3136;1548,139257;,
Fuera SC;Fuera SC;68;Florian;68271;2018;6276;5389,721991;,
A-Bucaramanga;En aglomeracion;68;Floridablanca;68276;2018;267124;7384,041658;,
Fuera SC;Fuera SC;68;Galan;68296;2018;2139;20172,50157;,
Fuera SC;Fuera SC;68;Gambita;68298;2018;5039;34447,35855;,
A-Bucaramanga;En aglomeracion;68;Giron;68307;2018;195499;14865,03318;,
Fuera SC;Fuera SC;68;Guaca;68318;2018;6264;21076,26175;,
Fuera SC;Fuera SC;68;Guadalupe;68320;2018;4519;1978,842114;,
Fuera SC;Fuera SC;68;Guapota;68322;2018;2096;809,750478;,
Fuera SC;Fuera SC;68;Guavata;68324;2018;3495;1322,118751;,
Fuera SC;Fuera SC;68;Güepsa;68327;2018;3730;172,42202;,
Fuera SC;Fuera SC;68;Hato;68344;2018;2324;16900,41017;,
Fuera SC;Fuera SC;68;Jesus Maria;68368;2018;3045;2030,592524;,
Fuera SC;Fuera SC;68;Jordan;68370;2018;1089;344,320171;,
Fuera SC;Fuera SC;68;La Belleza;68377;2018;8596;17928,4588;,
Fuera SC;Fuera SC;68;Landazuri;68385;2018;15430;51087,87196;,
Fuera SC;Fuera SC;68;La Paz;68397;2018;5027;16170,9085;,
Fuera SC;Fuera SC;68;Lebrija;68406;2018;41122;22735,46813;,
Fuera SC;Fuera SC;68;Los Santos;68418;2018;12539;595,106105;,
Fuera SC;Fuera SC;68;Macaravita;68425;2018;2263;2778,068384;,
SA-Otros SC;Uninodal;68;Malaga;68432;2018;18271;960,836205;,
Fuera SC;Fuera SC;68;Matanza;68444;2018;5147;13635,82894;,
Fuera SC;Fuera SC;68;Mogotes;68464;2018;10864;18544,44703;,
Fuera SC;Fuera SC;68;Molagavita;68468;2018;5029;3368,142641;,
Fuera SC;Fuera SC;68;Ocamonte;68498;2018;4702;983,84486;,
Fuera SC;Fuera SC;68;Oiba;68500;2018;11980;5842,18005;,
Fuera SC;Fuera SC;68;Onzaga;68502;2018;4895;31753,48897;,
Fuera SC;Fuera SC;68;Palmar;68522;2018;3474;1962,291071;,
Fuera SC;Fuera SC;68;Palmas del Socorro;68524;2018;2196;834,189865;,
Fuera SC;Fuera SC;68;Paramo;68533;2018;4252;370,328751;,
A-Bucaramanga;En aglomeracion;68;Piedecuesta;68547;2018;159760;19182,81236;,
Fuera SC;Fuera SC;68;Pinchote;68549;2018;5460;1033,939758;,
Fuera SC;Fuera SC;68;Puente Nacional;68572;2018;11900;2407,113754;,
Fuera SC;Fuera SC;68;Puerto Parra;68573;2018;7891;19646,09355;,
Fuera SC;Fuera SC;68;Puerto Wilches;68575;2018;31505;37154,30704;,
Fuera SC;Fuera SC;68;Rionegro;68615;2018;26461;33927,4977;,
Fuera SC;Fuera SC;68;Sabana de Torres;68655;2018;18149;37151,50335;,
Fuera SC;Fuera SC;68;San Andres;68669;2018;8208;12804,50258;,
Fuera SC;Fuera SC;68;San Benito;68673;2018;4007;188,186085;,
SA-Otros SC;Uninodal;68;San Gil;68679;2018;45891;1059,554335;,
Fuera SC;Fuera SC;68;San Joaquin;68682;2018;2371;5259,07296;,
Fuera SC;Fuera SC;68;San Jose de Miranda;68684;2018;4214;105,578416;,
Fuera SC;Fuera SC;68;San Miguel;68686;2018;2295;2723,890988;,
Fuera SC;Fuera SC;68;San Vicente de Chucuri;68689;2018;35000;91134,00857;,
Fuera SC;Fuera SC;68;Santa Barbara;68705;2018;2085;16493,05471;,
Fuera SC;Fuera SC;68;Santa Helena del Opon;68720;2018;4266;37381,63286;,
Fuera SC;Fuera SC;68;Simacota;68745;2018;7493;50376,51326;,
Fuera SC;Fuera SC;68;Socorro;68755;2018;30985;2145,39391;,
Fuera SC;Fuera SC;68;Suaita;68770;2018;10072;7245,42708;,
Fuera SC;Fuera SC;68;Sucre;68773;2018;8172;26202,90295;,
Fuera SC;Fuera SC;68;Surata;68780;2018;3196;19001,69893;,
Fuera SC;Fuera SC;68;Tona;68820;2018;7201;26296,42285;,
Fuera SC;Fuera SC;68;Valle de San Jose;68855;2018;4495;946,160789;,
Fuera SC;Fuera SC;68;Velez;68861;2018;18871;26383,26028;,
Fuera SC;Fuera SC;68;Vetas;68867;2018;2464;7854,098917;,
Fuera SC;Fuera SC;68;Villanueva;68872;2018;5548;143,64957;,
Fuera SC;Fuera SC;68;Zapatoca;68895;2018;8803;36435,99147;,
SA-Monteria-Sincelejo;Uninodal;70;Sincelejo;70001;2018;286749;261,455682;,
Fuera SC;Fuera SC;70;Buenavista;70110;2018;9746;40,766399;,
Fuera SC;Fuera SC;70;Caimito;70124;2018;12419;16711,54901;,
Fuera SC;Fuera SC;70;Coloso;70204;2018;5731;6028,797649;,
Fuera SC;Fuera SC;70;Corozal;70215;2018;63657;46,358865;,
Fuera SC;Fuera SC;70;Coveñas;70221;2018;14288;2112,510367;,
Fuera SC;Fuera SC;70;Chalan;70230;2018;4401;4460,8522;,
Fuera SC;Fuera SC;70;El Roble;70233;2018;10917;276,255327;,
Fuera SC;Fuera SC;70;Galeras;70235;2018;21199;1726,818829;,
Fuera SC;Fuera SC;70;Guaranda;70265;2018;18124;2480,402037;,
Fuera SC;Fuera SC;70;La Union;70400;2018;11454;88,755852;,
Fuera SC;Fuera SC;70;Los Palmitos;70418;2018;19224;474,821143;,
Fuera SC;Fuera SC;70;Majagual;70429;2018;33811;16924,59355;,
Fuera SC;Fuera SC;70;Morroa;70473;2018;14937;1512,433233;,
Fuera SC;Fuera SC;70;Ovejas;70508;2018;20906;4660,168978;,
Fuera SC;Fuera SC;70;Palmito;70523;2018;14499;188,225069;,
Fuera SC;Fuera SC;70;Sampues;70670;2018;38339;3,888164;,
Fuera SC;Fuera SC;70;San Benito Abad;70678;2018;26298;52361,1684;,
Fuera SC;Fuera SC;70;San Juan de Betulia;70702;2018;12583;11,489937;,
Fuera SC;Fuera SC;70;San Marcos;70708;2018;59237;16846,3538;,
Fuera SC;Fuera SC;70;San Onofre;70713;2018;51536;16833,48574;,
Fuera SC;Fuera SC;70;San Pedro;70717;2018;15925;11,839964;,
Fuera SC;Fuera SC;70;San Luis de Since;70742;2018;34681;51,068037;,
Fuera SC;Fuera SC;70;Sucre;70771;2018;22450;83450,56902;,
Fuera SC;Fuera SC;70;Santiago de Tolu;70820;2018;35054;5319,565074;,
Fuera SC;Fuera SC;70;Tolu Viejo;70823;2018;18892;3317,882583;,
SA-Otros SC;Uninodal;73;Ibague;73001;2018;569336;54117,81431;,
Fuera SC;Fuera SC;73;Alpujarra;73024;2018;4948;7649,34823;,
Fuera SC;Fuera SC;73;Alvarado;73026;2018;8777;4169,864962;,
Fuera SC;Fuera SC;73;Ambalema;73030;2018;6594;3914,486323;,
Fuera SC;Fuera SC;73;Anzoategui;73043;2018;19059;28016,77211;,
Fuera SC;Fuera SC;73;Armero Guayabal;73055;2018;11609;5046,857619;,
Fuera SC;Fuera SC;73;Ataco;73067;2018;22752;4984,324373;,
Fuera SC;Fuera SC;73;Cajamarca;73124;2018;19611;24154,14872;,
Fuera SC;Fuera SC;73;Carmen de Apicala;73148;2018;8916;6112,439123;,
Fuera SC;Fuera SC;73;Casabianca;73152;2018;6603;8905,683066;,
Fuera SC;Fuera SC;73;Chaparral;73168;2018;47344;85220,31432;,
Fuera SC;Fuera SC;73;Coello;73200;2018;9963;6343,898089;,
Fuera SC;Fuera SC;73;Coyaima;73217;2018;28412;4627,314495;,
Fuera SC;Fuera SC;73;Cunday;73226;2018;9459;5125,141667;,
Fuera SC;Fuera SC;73;Dolores;73236;2018;7826;12208,16802;,
Fuera SC;Fuera SC;73;Espinal;73268;2018;75949;826,224902;,
Fuera SC;Fuera SC;73;Falan;73270;2018;9196;2484,920399;,
A-Girardot;En aglomeracion;73;Flandes;73275;2018;29377;752,427419;,
Fuera SC;Fuera SC;73;Fresno;73283;2018;29917;3391,171168;,
Fuera SC;Fuera SC;73;Guamo;73319;2018;31605;2315,254499;,
Fuera SC;Fuera SC;73;Herveo;73347;2018;7795;15970,90785;,
SA-Otros SC;Uninodal;73;Honda;73349;2018;24077;11527,04258;,
Fuera SC;Fuera SC;73;Icononzo;73352;2018;10705;2756,226467;,
Fuera SC;Fuera SC;73;Lerida;73408;2018;17013;1450,717183;,
Fuera SC;Fuera SC;73;Libano;73411;2018;39866;4658,983039;,
Fuera SC;Fuera SC;73;Mariquita;73443;2018;33358;3754,196715;,
Fuera SC;Fuera SC;73;Melgar;73449;2018;36930;5062,842199;,
Fuera SC;Fuera SC;73;Murillo;73461;2018;5001;22308,32636;,
Fuera SC;Fuera SC;73;Natagaima;73483;2018;22390;8686,699283;,
Fuera SC;Fuera SC;73;Ortega;73504;2018;32256;6799,17639;,
Fuera SC;Fuera SC;73;Palocabildo;73520;2018;9090;679,778219;,
Fuera SC;Fuera SC;73;Piedras;73547;2018;5683;6172,325762;,
Fuera SC;Fuera SC;73;Planadas;73555;2018;30066;127704,5185;,
Fuera SC;Fuera SC;73;Prado;73563;2018;7513;9068,884785;,
Fuera SC;Fuera SC;73;Purificacion;73585;2018;29665;5718,529886;,
Fuera SC;Fuera SC;73;Rioblanco;73616;2018;24244;153469,1174;,
Fuera SC;Fuera SC;73;Roncesvalles;73622;2018;6352;45922,71813;,
Fuera SC;Fuera SC;73;Rovira;73624;2018;20349;17302,24259;,
Fuera SC;Fuera SC;73;Saldaña;73671;2018;14255;1511,008135;,
Fuera SC;Fuera SC;73;San Antonio;73675;2018;14138;13551,46061;,
Fuera SC;Fuera SC;73;San Luis;73678;2018;19130;2628,858535;,
Fuera SC;Fuera SC;73;Santa Isabel;73686;2018;6319;13533,39183;,
Fuera SC;Fuera SC;73;Suarez;73770;2018;4547;5449,14663;,
Fuera SC;Fuera SC;73;Valle de San Juan;73854;2018;6405;1002,461494;,
Fuera SC;Fuera SC;73;Venadillo;73861;2018;19764;2514,109233;,
Fuera SC;Fuera SC;73;Villahermosa;73870;2018;10531;11037,37266;,
Fuera SC;Fuera SC;73;Villarrica;73873;2018;5252;24526,81954;,
A-Cali;Centro aglomeracion;76;Cali;76001;2018;2445405;23544,67337;,
Fuera SC;Fuera SC;76;Alcala;76020;2018;22710;63,648239;,
A-Tulua;En aglomeracion;76;Andalucia;76036;2018;17738;435,472734;,
Fuera SC;Fuera SC;76;Ansermanuevo;76041;2018;19252;2139,40319;,
Fuera SC;Fuera SC;76;Argelia;76054;2018;6364;1600,84388;,
Fuera SC;Fuera SC;76;13;76100;2018;12961;39267,00892;,
SA-Cali-Norte Valle;Uninodal;76;Buenaventura;76109;2018;424047;588761,8187;,
SA-Cali-Norte Valle;Uninodal;76;Guadalajara de Buga;76111;2018;114562;41516,68607;,
Fuera SC;Fuera SC;76;Bugalagrande;76113;2018;21017;1350,290289;,
Fuera SC;Fuera SC;76;Caicedonia;76122;2018;29526;745,744307;,
Fuera SC;Fuera SC;76;Calima;76126;2018;15848;63550,72698;,
A-Cali;En aglomeracion;76;Candelaria;76130;2018;85352;;,,
SA-Eje Cafetero;Uninodal;76;Cartago;76147;2018;134308;455,87611;,
Fuera SC;Fuera SC;76;Dagua;76233;2018;36775;65338,41415;,
Fuera SC;Fuera SC;76;El Águila;76243;2018;11209;6520,659551;,
Fuera SC;Fuera SC;76;El Cairo;76246;2018;10184;7321,038556;,
Fuera SC;Fuera SC;76;El Cerrito;76248;2018;58296;16564,41633;,
Fuera SC;Fuera SC;76;El Dovio;76250;2018;8236;7155,271041;,
A-Cali;En aglomeracion;76;Florida;76275;2018;58775;17346,37192;,
Fuera SC;Fuera SC;76;Ginebra;76306;2018;21624;16524,48757;,
Fuera SC;Fuera SC;76;Guacari;76318;2018;35377;2832,038157;,
A-Cali;En aglomeracion;76;Jamundi;76364;2018;127228;17015,2983;,
Fuera SC;Fuera SC;76;La Cumbre;76377;2018;11672;8106,992629;,
Fuera SC;Fuera SC;76;La Union;76400;2018;39671;3519,088446;,
Fuera SC;Fuera SC;76;La Victoria;76403;2018;12994;1723,563824;,
Fuera SC;Fuera SC;76;Obando;76497;2018;15229;963,499407;,
SA-Cali-Norte Valle;Uninodal;76;Palmira;76520;2018;310594;36954,22428;,
A-Cali;En aglomeracion;76;Pradera;76563;2018;57257;10536,98838;,
Fuera SC;Fuera SC;76;Restrepo;76606;2018;16365;4078,667163;,
Fuera SC;Fuera SC;76;Riofrio;76616;2018;14029;9367,892806;,
Fuera SC;Fuera SC;76;Roldanillo;76622;2018;32226;6943,869992;,
Fuera SC;Fuera SC;76;San Pedro;76670;2018;18882;2568,204456;,
Fuera SC;Fuera SC;76;Sevilla;76736;2018;44311;16925,92425;,
Fuera SC;Fuera SC;76;Toro;76823;2018;16598;2341,325723;,
Fuera SC;Fuera SC;76;Trujillo;76828;2018;17919;5835,948165;,
A-Tulua;Centro aglomeracion;76;Tulua;76834;2018;219148;30063,96339;,
Fuera SC;Fuera SC;76;Ulloa;76845;2018;5336;52,918399;,
Fuera SC;Fuera SC;76;Versalles;76863;2018;6926;3520,022338;,
A-Cali;En aglomeracion;76;Vijes;76869;2018;11409;1824,036343;,
Fuera SC;Fuera SC;76;Yotoco;76890;2018;16491;7668,604327;,
A-Cali;En aglomeracion;76;Yumbo;76892;2018;125663;2541,272179;,
Fuera SC;Fuera SC;76;Zarzal;76895;2018;46599;1204,109077;,
SA-Otros SC;Uninodal;81;Arauca;81001;2018;92107;88461,43516;,
Fuera SC;Fuera SC;81;Arauquita;81065;2018;42580;71399,56676;,
Fuera SC;Fuera SC;81;Cravo Norte;81220;2018;3226;46203,80953;,
Fuera SC;Fuera SC;81;Fortul;81300;2018;26454;58678,95947;,
Fuera SC;Fuera SC;81;Puerto Rondon;81591;2018;3825;49674,9835;,
Fuera SC;Fuera SC;81;Saravena;81736;2018;48318;36730,3899;,
Fuera SC;Fuera SC;81;Tame;81794;2018;54198;251204,2758;,
SA-Otros SC;Uninodal;85;Yopal;85001;2018;149426;34566,50647;,
Fuera SC;Fuera SC;85;Aguazul;85010;2018;41994;30764,78326;,
Fuera SC;Fuera SC;85;Chameza;85015;2018;2603;18452,59326;,
Fuera SC;Fuera SC;85;Hato Corozal;85125;2018;12794;90988,81193;,
Fuera SC;Fuera SC;85;La Salina;85136;2018;1465;15282,76072;,
Fuera SC;Fuera SC;85;Mani;85139;2018;11123;51007,47492;,
Fuera SC;Fuera SC;85;Monterrey;85162;2018;15399;16019,91415;,
Fuera SC;Fuera SC;85;Nunchia;85225;2018;8928;9782,843803;,
Fuera SC;Fuera SC;85;Orocue;85230;2018;8424;59896,16539;,
Fuera SC;Fuera SC;85;Paz de Ariporo;85250;2018;26357;132811,9239;,
Fuera SC;Fuera SC;85;Pore;85263;2018;7909;7612,457492;,
Fuera SC;Fuera SC;85;Recetor;85279;2018;4528;5613,867025;,
Fuera SC;Fuera SC;85;Sabanalarga;85300;2018;2856;10493,97077;,
Fuera SC;Fuera SC;85;Sacama;85315;2018;2085;26086,5105;,
Fuera SC;Fuera SC;85;San Luis de Palenque;85325;2018;7905;56765,55947;,
Fuera SC;Fuera SC;85;Tamara;85400;2018;7029;57520,30115;,
Fuera SC;Fuera SC;85;Tauramena;85410;2018;24066;63078,59072;,
Fuera SC;Fuera SC;85;Trinidad;85430;2018;15840;55765,68196;,
Fuera SC;Fuera SC;85;Villanueva;85440;2018;24518;12352,70392;,
SA-Otros SC;Uninodal;86;Mocoa;86001;2018;44631;100969,744;,
Fuera SC;Fuera SC;86;Colon;86219;2018;5651;2692,954992;,
Fuera SC;Fuera SC;86;Orito;86320;2018;56365;106294,4472;,
SA-Otros SC;Uninodal;86;Puerto Asis;86568;2018;62232;170815,0042;,
Fuera SC;Fuera SC;86;Puerto Caicedo;86569;2018;14729;47257,68951;,
Fuera SC;Fuera SC;86;Puerto Guzman;86571;2018;24169;284320,6656;,
Fuera SC;Fuera SC;86;Leguizamo;86573;2018;15380;970424,7164;,
Fuera SC;Fuera SC;86;Sibundoy;86749;2018;14396;4731,339781;,
Fuera SC;Fuera SC;86;San Francisco;86755;2018;7190;33506,71568;,
Fuera SC;Fuera SC;86;San Miguel;86757;2018;28329;7325,104598;,
Fuera SC;Fuera SC;86;Santiago;86760;2018;10776;26401,35872;,
Fuera SC;Fuera SC;86;Valle del Guamuez;86865;2018;53649;19376,92513;,
Fuera SC;Fuera SC;86;Villagarzon;86885;2018;21399;84741,49854;,
SA-Otros SC;Uninodal;88;San Andres;88001;2018;73221;66,360851;,
Fuera SC;Fuera SC;88;Providencia;88564;2018;5192;681,816196;,
SA-Otros SC;Uninodal;91;Leticia;91001;2018;42280;598341,0914;,
Fuera SC;Fuera SC;91;El Encanto (ANM);91263;2018;4972;1050497,8;,
Fuera SC;Fuera SC;91;La Chorrera (ANM);91405;2018;4044;1259004,678;,
Fuera SC;Fuera SC;91;La Pedrera (ANM);91407;2018;5417;1351070,591;,
Fuera SC;Fuera SC;91;La Victoria (ANM);91430;2018;1140;142351,9886;,
Fuera SC;Fuera SC;91;Miriti - Parana (ANM);91460;2018;1515;1668025,169;,
Fuera SC;Fuera SC;91;Puerto Alegria (ANM);91530;2018;2196;830459,3794;,
Fuera SC;Fuera SC;91;Puerto Arica (ANM);91536;2018;1320;1356368,577;,
Fuera SC;Fuera SC;91;Puerto Nariño;91540;2018;8519;138134,5497;,
Fuera SC;Fuera SC;91;Puerto Santander (ANM);91669;2018;3113;1461408,541;,
Fuera SC;Fuera SC;91;Tarapaca (ANM);91798;2018;4314;899036,8575;,
SA-Otros SC;Uninodal;94;Inirida;94001;2018;20312;1389274,557;,
Fuera SC;Fuera SC;94;Barranco Minas;94343;2018;4984;928340,1055;,
Fuera SC;Fuera SC;94;Mapiripana (ANM);94663;2018;2759;485203,4042;,
Fuera SC;Fuera SC;94;San Felipe (ANM);94883;2018;2306;281947,889;,
Fuera SC;Fuera SC;94;Puerto Colombia (ANM);94884;2018;5031;1516465,231;,
Fuera SC;Fuera SC;94;La Guadalupe (ANM);94885;2018;410;111861,1666;,
Fuera SC;Fuera SC;94;Cacahual (ANM);94886;2018;2812;136491,2081;,
Fuera SC;Fuera SC;94;Pana Pana (ANM);94887;2018;3467;1013222,23;,
Fuera SC;Fuera SC;94;Morichal (ANM);94888;2018;1365;842013,73;,
SA-Otros SC;Uninodal;95;San Jose del Guaviare;95001;2018;67767;1328958,568;,
Fuera SC;Fuera SC;95;Calamar;95015;2018;8456;1247428;,,
Fuera SC;Fuera SC;95;El Retorno;95025;2018;24155;1079750,102;,
Fuera SC;Fuera SC;95;Miraflores;95200;2018;15451;1180223,619;,
SA-Otros SC;Uninodal;97;Mitu;97001;2018;32457;1561374,678;,
Fuera SC;Fuera SC;97;Caruru;97161;2018;3340;594756,3125;,
Fuera SC;Fuera SC;97;Pacoa (ANM);97511;2018;6121;1378653,306;,
Fuera SC;Fuera SC;97;Taraira;97666;2018;952;649173,9817;,
Fuera SC;Fuera SC;97;Papunaua (ANM);97777;2018;832;538851,3268;,
Fuera SC;Fuera SC;97;Yavarate (ANM);97889;2018;1226;456265,6871;,
SA-Otros SC;Uninodal;99;Puerto Carreño;99001;2018;16504;173899,7642;,
Fuera SC;Fuera SC;99;La Primavera;99524;2018;17026;195343,4589;,
Fuera SC;Fuera SC;99;Santa Rosalia;99624;2018;4197;40145,81351;,
Fuera SC;Fuera SC;99;Cumaribo;99773;2018;39549;4333610,938;,
